<?xml version = '1.0' encoding = 'UTF-8'?>
<Table class="oracle.dbtools.crest.model.design.relational.Table" directorySegmentName="seg_0" id="0873E118-3199-2631-1A1A-724D979C8F95" name="Cliente">
<createdBy>lianl</createdBy>
<createdTime>2026-01-25 17:20:58 UTC</createdTime>
<generatorID>9445B543-0760-0E16-328B-CC631EF2ECBF</generatorID>
<ownerDesignName>modelo</ownerDesignName>
<allowColumnReorder>false</allowColumnReorder>
<existDependencyGenerateInDDl>true</existDependencyGenerateInDDl>
<parsed>true</parsed>
<columns itemClass="oracle.dbtools.crest.model.design.relational.Column">
<Column name="id_cliente" id="BAA6891E-7BE7-D3A9-3122-AC6165D93334">
<createdBy>lianl</createdBy>
<createdTime>2026-01-25 17:20:58 UTC</createdTime>
<generatorID>9753A171-F80B-8545-0737-830CC9529C5A</generatorID>
<notes><![CDATA[Número entero que identifica de forma única al cliente.]]></notes>
<ownerDesignName>modelo</ownerDesignName>
<useDomainConstraints>false</useDomainConstraints>
<use>1</use>
<logicalDatatype>LOGDT019</logicalDatatype>
<dataTypePrecision>6</dataTypePrecision>
<ownDataTypeParameters>,6,</ownDataTypeParameters>
<autoIncrementCycle>false</autoIncrementCycle>
</Column>
<Column name="rut" id="35D19786-27F6-4121-B7E6-CFA22F58CEBE">
<createdBy>lianl</createdBy>
<createdTime>2026-01-25 17:20:58 UTC</createdTime>
<generatorID>C31139BD-1CA6-48C4-A14C-C4E1DA2D4734</generatorID>
<notes><![CDATA[Texto único que identifica al cliente.]]></notes>
<ownerDesignName>modelo</ownerDesignName>
<useDomainConstraints>false</useDomainConstraints>
<use>1</use>
<logicalDatatype>LOGDT024</logicalDatatype>
<dataTypeSize>12</dataTypeSize>
<ownDataTypeParameters>12,,</ownDataTypeParameters>
<autoIncrementCycle>false</autoIncrementCycle>
</Column>
<Column name="nombre" id="3C9339C3-42FB-3341-43D7-D7A6E348ADC6">
<createdBy>lianl</createdBy>
<createdTime>2026-01-25 17:20:58 UTC</createdTime>
<generatorID>8450880B-8013-C713-5F50-D7438108B7C5</generatorID>
<notes><![CDATA[Texto que identifica el nombre del cliente.]]></notes>
<ownerDesignName>modelo</ownerDesignName>
<useDomainConstraints>false</useDomainConstraints>
<use>1</use>
<logicalDatatype>LOGDT024</logicalDatatype>
<dataTypeSize>20</dataTypeSize>
<ownDataTypeParameters>20,,</ownDataTypeParameters>
<autoIncrementCycle>false</autoIncrementCycle>
</Column>
<Column name="apellido" id="FE4A7B99-9EE2-CACB-35BD-EABE41AF99D3">
<createdBy>lianl</createdBy>
<createdTime>2026-01-25 17:20:58 UTC</createdTime>
<generatorID>B0BF92CB-0262-0262-D298-073B57F93D46</generatorID>
<notes><![CDATA[Texto que identifica el apellido del cliente.]]></notes>
<ownerDesignName>modelo</ownerDesignName>
<useDomainConstraints>false</useDomainConstraints>
<use>1</use>
<logicalDatatype>LOGDT024</logicalDatatype>
<dataTypeSize>20</dataTypeSize>
<ownDataTypeParameters>20,,</ownDataTypeParameters>
<autoIncrementCycle>false</autoIncrementCycle>
</Column>
<Column name="puntos_acumulados" id="10E283A4-8A72-C224-766A-CD5F4B9238EF">
<createdBy>lianl</createdBy>
<createdTime>2026-01-25 17:20:58 UTC</createdTime>
<generatorID>4DA12256-AE24-583B-D3FB-02AAED612909</generatorID>
<notes><![CDATA[Cantidad de puntos acumulados de cliente.]]></notes>
<ownerDesignName>modelo</ownerDesignName>
<useDomainConstraints>false</useDomainConstraints>
<use>1</use>
<logicalDatatype>LOGDT019</logicalDatatype>
<dataTypePrecision>8</dataTypePrecision>
<ownDataTypeParameters>,8,</ownDataTypeParameters>
<autoIncrementCycle>false</autoIncrementCycle>
</Column>
</columns>
<indexes itemClass="oracle.dbtools.crest.model.design.relational.Index">
<ind_PK_UK id="400F353A-A31D-2D95-7903-0CB82419C330" name="Cliente_PK">
<createdBy>lianl</createdBy>
<createdTime>2026-01-25 17:20:58 UTC</createdTime>
<generatorID>45FC04BB-1D03-11D6-4521-55B6EB4D18EC</generatorID>
<ownerDesignName>modelo</ownerDesignName>
<shouldEngineer>false</shouldEngineer>
<pk>true</pk>
<indexState>Primary Constraint</indexState>
<isSurrogateKey>false</isSurrogateKey>
<indexColumnUsage>
<colUsage columnID="BAA6891E-7BE7-D3A9-3122-AC6165D93334"/>
</indexColumnUsage>
</ind_PK_UK>
</indexes>
</Table>