<?xml version = '1.0' encoding = 'UTF-8'?>
<Table class="oracle.dbtools.crest.model.design.relational.Table" directorySegmentName="seg_0" id="0EC72DCB-B484-FD43-8A42-3969506F038B" name="Contrato_indefinido">
<createdBy>lianl</createdBy>
<createdTime>2026-01-25 17:20:58 UTC</createdTime>
<generatorID>E1B1426D-AEB0-F82E-4260-753A746C3D62</generatorID>
<ownerDesignName>modelo</ownerDesignName>
<allowColumnReorder>false</allowColumnReorder>
<existDependencyGenerateInDDl>true</existDependencyGenerateInDDl>
<parsed>true</parsed>
<columns itemClass="oracle.dbtools.crest.model.design.relational.Column">
<Column name="id_contrato" id="4C5B55BA-FDF3-72FB-6B6D-EA03E09AEFCF">
<createdBy>lianl</createdBy>
<createdTime>2026-01-25 17:20:58 UTC</createdTime>
<generatorID>6E5010E4-8788-67DC-E06A-B2ABC86D1E66</generatorID>
<notes><![CDATA[Número entero que identifica de forma única el contrato.]]></notes>
<ownerDesignName>modelo</ownerDesignName>
<shouldEngineer>false</shouldEngineer>
<useDomainConstraints>false</useDomainConstraints>
<use>1</use>
<logicalDatatype>LOGDT019</logicalDatatype>
<dataTypePrecision>6</dataTypePrecision>
<ownDataTypeParameters>,,</ownDataTypeParameters>
<autoIncrementCycle>false</autoIncrementCycle>
<associations>
<colAssociation fkAssociation="99AC2515-0FDF-36DE-A545-780D7DAF3FCB" referredColumn="6CE9B1BD-147C-F5CA-B6CF-AC8F23FD395B"/>
</associations>
</Column>
<Column name="afp" id="1CCA825F-7A29-C419-9118-F0C253C993A8">
<createdBy>lianl</createdBy>
<createdTime>2026-01-25 17:20:58 UTC</createdTime>
<generatorID>F00AA29B-2C62-9CB8-072D-F0ADE1521409</generatorID>
<notes><![CDATA[Texto que indica la AFP del trabajador.]]></notes>
<ownerDesignName>modelo</ownerDesignName>
<useDomainConstraints>false</useDomainConstraints>
<use>1</use>
<logicalDatatype>LOGDT024</logicalDatatype>
<dataTypeSize>40</dataTypeSize>
<ownDataTypeParameters>40,,</ownDataTypeParameters>
<autoIncrementCycle>false</autoIncrementCycle>
</Column>
<Column name="sistema_salud" id="2009B0C6-CEFA-3A0A-FB32-9E0B3672BAD9">
<createdBy>lianl</createdBy>
<createdTime>2026-01-25 17:20:58 UTC</createdTime>
<generatorID>50ED897C-324D-2D98-C4D7-E23FE8D2C849</generatorID>
<notes><![CDATA[Texto que indica el sistema de salud del trabajador.]]></notes>
<ownerDesignName>modelo</ownerDesignName>
<useDomainConstraints>false</useDomainConstraints>
<use>1</use>
<logicalDatatype>LOGDT024</logicalDatatype>
<dataTypeSize>40</dataTypeSize>
<ownDataTypeParameters>40,,</ownDataTypeParameters>
<autoIncrementCycle>false</autoIncrementCycle>
</Column>
<Column name="cargo" id="3AEEECA1-42C2-D01E-4AF5-E94BD04F9979">
<createdBy>lianl</createdBy>
<createdTime>2026-01-25 17:20:58 UTC</createdTime>
<generatorID>71B7C6D5-8793-F7D5-B5A9-68F98CF68735</generatorID>
<notes><![CDATA[Cargo obligatorio para trabajador contrato indefinidamente.]]></notes>
<ownerDesignName>modelo</ownerDesignName>
<useDomainConstraints>false</useDomainConstraints>
<use>1</use>
<logicalDatatype>LOGDT024</logicalDatatype>
<dataTypeSize>20</dataTypeSize>
<ownDataTypeParameters>20,,</ownDataTypeParameters>
<autoIncrementCycle>false</autoIncrementCycle>
</Column>
<Column name="genero" id="05354A22-3ABC-F1CB-C35B-9F9A3BF07A84">
<createdBy>lianl</createdBy>
<createdTime>2026-01-25 17:40:23 UTC</createdTime>
<generatorID>0F9A60AA-0FED-A4AB-D538-92F49F3FF8B9</generatorID>
<notes><![CDATA[Género de trabajador (H / M / O) / (obligatorio).]]></notes>
<ownerDesignName>modelo</ownerDesignName>
<useDomainConstraints>false</useDomainConstraints>
<use>1</use>
<logicalDatatype>LOGDT025</logicalDatatype>
<dataTypeSize>1</dataTypeSize>
<ownDataTypeParameters>1,,</ownDataTypeParameters>
<autoIncrementCycle>false</autoIncrementCycle>
</Column>
</columns>
<indexes itemClass="oracle.dbtools.crest.model.design.relational.Index">
<ind_PK_UK id="D7A3D394-8914-1296-5309-AE304B327DCC" name="Contrato_indefinido_PK">
<createdBy>lianl</createdBy>
<createdTime>2026-01-25 17:20:58 UTC</createdTime>
<generatorID>3E3A9EA6-872F-C243-ADA7-79A42A2855C1</generatorID>
<ownerDesignName>modelo</ownerDesignName>
<shouldEngineer>false</shouldEngineer>
<pk>true</pk>
<indexState>Primary Constraint</indexState>
<isSurrogateKey>false</isSurrogateKey>
<indexColumnUsage>
<colUsage columnID="4C5B55BA-FDF3-72FB-6B6D-EA03E09AEFCF"/>
</indexColumnUsage>
</ind_PK_UK>
<ind_PK_UK id="CF868355-0EC3-16F3-4739-8172C7A43180" name="Contrato_indefinido_Contrato_FK">
<createdBy>lianl</createdBy>
<createdTime>2026-01-25 17:20:58 UTC</createdTime>
<generatorID>9E5E2347-E17F-5525-0883-8B45340B824D</generatorID>
<ownerDesignName>modelo</ownerDesignName>
<indexState>Foreign Key</indexState>
<isSurrogateKey>false</isSurrogateKey>
<indexColumnUsage>
<colUsage columnID="4C5B55BA-FDF3-72FB-6B6D-EA03E09AEFCF"/>
</indexColumnUsage>
</ind_PK_UK>
</indexes>
</Table>