<?xml version = '1.0' encoding = 'UTF-8'?>
<Table class="oracle.dbtools.crest.model.design.relational.Table" directorySegmentName="seg_0" id="54FB8781-2551-BCDF-F060-30D9FDFF4395" name="Contrato_practicante">
<createdBy>lianl</createdBy>
<createdTime>2026-01-25 17:20:58 UTC</createdTime>
<generatorID>3A95743C-86F5-4969-EB2E-E8675C425C2C</generatorID>
<ownerDesignName>modelo</ownerDesignName>
<allowColumnReorder>false</allowColumnReorder>
<existDependencyGenerateInDDl>true</existDependencyGenerateInDDl>
<parsed>true</parsed>
<columns itemClass="oracle.dbtools.crest.model.design.relational.Column">
<Column name="id_contrato" id="CC183712-4C68-8C5B-A683-A9D62309748A">
<createdBy>lianl</createdBy>
<createdTime>2026-01-25 17:20:58 UTC</createdTime>
<generatorID>6E5010E4-8788-67DC-E06A-B2ABC86D1E66</generatorID>
<notes><![CDATA[Número entero que identifica de forma única el contrato.]]></notes>
<ownerDesignName>modelo</ownerDesignName>
<shouldEngineer>false</shouldEngineer>
<useDomainConstraints>false</useDomainConstraints>
<use>1</use>
<logicalDatatype>LOGDT019</logicalDatatype>
<dataTypePrecision>6</dataTypePrecision>
<ownDataTypeParameters>,,</ownDataTypeParameters>
<autoIncrementCycle>false</autoIncrementCycle>
<associations>
<colAssociation fkAssociation="FFC6F5C2-BDE1-A460-A010-99B9859CF23B" referredColumn="6CE9B1BD-147C-F5CA-B6CF-AC8F23FD395B"/>
</associations>
</Column>
<Column name="cargo" id="1120BC72-D278-534E-D304-644555B75D36">
<createdBy>lianl</createdBy>
<createdTime>2026-01-25 17:20:58 UTC</createdTime>
<generatorID>8ADEBDCB-59C8-D76C-0FFE-BA9B86D5F35E</generatorID>
<notes><![CDATA[Cargo asignado al practicante. (Atributo opcional).]]></notes>
<ownerDesignName>modelo</ownerDesignName>
<nullsAllowed>true</nullsAllowed>
<useDomainConstraints>false</useDomainConstraints>
<use>1</use>
<logicalDatatype>LOGDT024</logicalDatatype>
<ownDataTypeParameters>,,</ownDataTypeParameters>
<autoIncrementCycle>false</autoIncrementCycle>
</Column>
<Column name="genero" id="357C3473-7517-2535-3DBF-D08B34A479FC">
<createdBy>lianl</createdBy>
<createdTime>2026-01-25 17:41:47 UTC</createdTime>
<notes><![CDATA[genero opcional de practicante (H / M / O).]]></notes>
<ownerDesignName>modelo</ownerDesignName>
<nullsAllowed>true</nullsAllowed>
<useDomainConstraints>false</useDomainConstraints>
<use>1</use>
<logicalDatatype>LOGDT025</logicalDatatype>
<dataTypeSize>1</dataTypeSize>
<ownDataTypeParameters>1,,</ownDataTypeParameters>
<autoIncrementCycle>false</autoIncrementCycle>
</Column>
</columns>
<indexes itemClass="oracle.dbtools.crest.model.design.relational.Index">
<ind_PK_UK id="B348FADE-A970-9355-78C0-F4143C81EF18" name="Contrato_practicante_PK">
<createdBy>lianl</createdBy>
<createdTime>2026-01-25 17:20:58 UTC</createdTime>
<generatorID>3E3A9EA6-872F-C243-ADA7-79A42A2855C1</generatorID>
<ownerDesignName>modelo</ownerDesignName>
<shouldEngineer>false</shouldEngineer>
<pk>true</pk>
<indexState>Primary Constraint</indexState>
<isSurrogateKey>false</isSurrogateKey>
<indexColumnUsage>
<colUsage columnID="CC183712-4C68-8C5B-A683-A9D62309748A"/>
</indexColumnUsage>
</ind_PK_UK>
<ind_PK_UK id="37F15B9A-A88A-DAD0-842A-4E4925ADC3B8" name="Contrato_practicante_Contrato_FK">
<createdBy>lianl</createdBy>
<createdTime>2026-01-25 17:20:58 UTC</createdTime>
<generatorID>726C0403-48AE-53E5-AD31-F1FCCE0CD5AD</generatorID>
<ownerDesignName>modelo</ownerDesignName>
<indexState>Foreign Key</indexState>
<isSurrogateKey>false</isSurrogateKey>
<indexColumnUsage>
<colUsage columnID="CC183712-4C68-8C5B-A683-A9D62309748A"/>
</indexColumnUsage>
</ind_PK_UK>
</indexes>
</Table>