<?xml version = '1.0' encoding = 'UTF-8'?>
<Table class="oracle.dbtools.crest.model.design.relational.Table" directorySegmentName="seg_0" id="550A1D1C-C6DD-C71D-62B8-B1FC224869E6" name="Cliente_normal">
<createdBy>lianl</createdBy>
<createdTime>2026-01-25 17:20:58 UTC</createdTime>
<generatorID>41A46CB9-21B1-D092-D30E-ABECBA09630F</generatorID>
<ownerDesignName>modelo</ownerDesignName>
<allowColumnReorder>false</allowColumnReorder>
<existDependencyGenerateInDDl>true</existDependencyGenerateInDDl>
<parsed>true</parsed>
<columns itemClass="oracle.dbtools.crest.model.design.relational.Column">
<Column name="id_cliente" id="835F18D3-C19A-1325-76D8-DE83C0F2DE46">
<createdBy>lianl</createdBy>
<createdTime>2026-01-25 17:20:58 UTC</createdTime>
<generatorID>9753A171-F80B-8545-0737-830CC9529C5A</generatorID>
<notes><![CDATA[Número entero que identifica de forma única al cliente.]]></notes>
<ownerDesignName>modelo</ownerDesignName>
<shouldEngineer>false</shouldEngineer>
<useDomainConstraints>false</useDomainConstraints>
<use>1</use>
<logicalDatatype>LOGDT019</logicalDatatype>
<dataTypePrecision>6</dataTypePrecision>
<ownDataTypeParameters>,,</ownDataTypeParameters>
<autoIncrementCycle>false</autoIncrementCycle>
<associations>
<colAssociation fkAssociation="1B4E27AE-F4C9-1F6B-0C25-AF5DBD3AE68B" referredColumn="BAA6891E-7BE7-D3A9-3122-AC6165D93334"/>
</associations>
</Column>
<Column name="descuento_fijo" id="456CBECB-8D59-9501-1CA8-C9381D6E67DE">
<createdBy>lianl</createdBy>
<createdTime>2026-01-25 17:20:58 UTC</createdTime>
<generatorID>782361CA-2961-BC31-0B44-C847978B34BB</generatorID>
<notes><![CDATA[Descuento fijo en pesos chilenos aplicable a la siguiente compra, con un máximo de 20.000 pesos.]]></notes>
<ownerDesignName>modelo</ownerDesignName>
<useDomainConstraints>false</useDomainConstraints>
<use>1</use>
<logicalDatatype>LOGDT019</logicalDatatype>
<dataTypePrecision>5</dataTypePrecision>
<ownDataTypeParameters>,5,</ownDataTypeParameters>
<autoIncrementCycle>false</autoIncrementCycle>
</Column>
</columns>
<indexes itemClass="oracle.dbtools.crest.model.design.relational.Index">
<ind_PK_UK id="097A888A-C87A-4D01-2690-CC04AF31FE59" name="Cliente_normal_PK">
<createdBy>lianl</createdBy>
<createdTime>2026-01-25 17:20:58 UTC</createdTime>
<generatorID>45FC04BB-1D03-11D6-4521-55B6EB4D18EC</generatorID>
<ownerDesignName>modelo</ownerDesignName>
<shouldEngineer>false</shouldEngineer>
<pk>true</pk>
<indexState>Primary Constraint</indexState>
<isSurrogateKey>false</isSurrogateKey>
<indexColumnUsage>
<colUsage columnID="835F18D3-C19A-1325-76D8-DE83C0F2DE46"/>
</indexColumnUsage>
</ind_PK_UK>
<ind_PK_UK id="FCE07159-0BCD-0EA7-9731-70BB59D07737" name="Cliente_normal_Cliente_FK">
<createdBy>lianl</createdBy>
<createdTime>2026-01-25 17:20:58 UTC</createdTime>
<generatorID>2AEEDA97-5C2F-7880-40EB-582B03458B26</generatorID>
<ownerDesignName>modelo</ownerDesignName>
<indexState>Foreign Key</indexState>
<isSurrogateKey>false</isSurrogateKey>
<indexColumnUsage>
<colUsage columnID="835F18D3-C19A-1325-76D8-DE83C0F2DE46"/>
</indexColumnUsage>
</ind_PK_UK>
</indexes>
</Table>