<?xml version = '1.0' encoding = 'UTF-8'?>
<Table class="oracle.dbtools.crest.model.design.relational.Table" directorySegmentName="seg_0" id="67306698-FF9B-F60A-C22C-4B8C8CCD7883" name="Trabajador">
<createdBy>lianl</createdBy>
<createdTime>2026-01-25 17:20:58 UTC</createdTime>
<generatorID>C3CF6D9D-4685-3458-71C8-4BAB1C7B1738</generatorID>
<ownerDesignName>modelo</ownerDesignName>
<allowColumnReorder>false</allowColumnReorder>
<existDependencyGenerateInDDl>true</existDependencyGenerateInDDl>
<parsed>true</parsed>
<columns itemClass="oracle.dbtools.crest.model.design.relational.Column">
<Column name="id_trabajador" id="52C70663-51EF-05A9-5FFF-3F00B69BBE86">
<createdBy>lianl</createdBy>
<createdTime>2026-01-25 17:20:58 UTC</createdTime>
<commentInRDBMS><![CDATA[Número entero que identifica de forma única al trabajador.]]></commentInRDBMS>
<generatorID>41150BBB-60E3-7110-AD1D-D809102509B6</generatorID>
<ownerDesignName>modelo</ownerDesignName>
<useDomainConstraints>false</useDomainConstraints>
<use>1</use>
<logicalDatatype>LOGDT019</logicalDatatype>
<dataTypePrecision>6</dataTypePrecision>
<ownDataTypeParameters>,6,</ownDataTypeParameters>
<autoIncrementCycle>false</autoIncrementCycle>
</Column>
<Column name="rut" id="93D08CDB-98AE-D5E4-5DF9-9DE434EF2A77">
<createdBy>lianl</createdBy>
<createdTime>2026-01-25 17:20:58 UTC</createdTime>
<commentInRDBMS><![CDATA[Texto único que identifica al trabajador.]]></commentInRDBMS>
<generatorID>E796B587-ECEE-70E9-AA7E-5EE04112AA1F</generatorID>
<ownerDesignName>modelo</ownerDesignName>
<useDomainConstraints>false</useDomainConstraints>
<use>1</use>
<logicalDatatype>LOGDT024</logicalDatatype>
<dataTypeSize>12</dataTypeSize>
<ownDataTypeParameters>12,,</ownDataTypeParameters>
<autoIncrementCycle>false</autoIncrementCycle>
</Column>
<Column name="nombre" id="4D3B1BE8-02E8-A1DC-3DCA-39451B520E15">
<createdBy>lianl</createdBy>
<createdTime>2026-01-25 17:20:58 UTC</createdTime>
<commentInRDBMS><![CDATA[Texto que almacena el nombre del trabajador.]]></commentInRDBMS>
<generatorID>B8626D80-3AD3-CCBD-A4D6-A04BAE4ECC8E</generatorID>
<ownerDesignName>modelo</ownerDesignName>
<useDomainConstraints>false</useDomainConstraints>
<use>1</use>
<logicalDatatype>LOGDT024</logicalDatatype>
<dataTypeSize>20</dataTypeSize>
<ownDataTypeParameters>20,,</ownDataTypeParameters>
<autoIncrementCycle>false</autoIncrementCycle>
</Column>
<Column name="apellido" id="D29F7449-D514-2755-97FD-031DD3DC185D">
<createdBy>lianl</createdBy>
<createdTime>2026-01-25 17:20:58 UTC</createdTime>
<commentInRDBMS><![CDATA[Texto que almacena el apellido del trabajador.]]></commentInRDBMS>
<generatorID>9EA4B541-8CAA-4F78-643D-A35B38355FC8</generatorID>
<ownerDesignName>modelo</ownerDesignName>
<useDomainConstraints>false</useDomainConstraints>
<use>1</use>
<logicalDatatype>LOGDT024</logicalDatatype>
<dataTypeSize>20</dataTypeSize>
<ownDataTypeParameters>20,,</ownDataTypeParameters>
<autoIncrementCycle>false</autoIncrementCycle>
</Column>
<Column name="fecha_nacimiento" id="2EC63B17-8DB4-970B-7238-D1BF2FB14CD9">
<createdBy>lianl</createdBy>
<createdTime>2026-01-25 17:20:58 UTC</createdTime>
<commentInRDBMS><![CDATA[Almacena fecha de nacimiento del trabajador.]]></commentInRDBMS>
<generatorID>9407BD55-A4E3-13FE-BDF7-9F66E0A9BAAA</generatorID>
<ownerDesignName>modelo</ownerDesignName>
<useDomainConstraints>false</useDomainConstraints>
<use>1</use>
<logicalDatatype>LOGDT007</logicalDatatype>
<ownDataTypeParameters>,,</ownDataTypeParameters>
<autoIncrementCycle>false</autoIncrementCycle>
</Column>
<Column name="direccion" id="F28A8333-C254-9178-627A-F90E6705CA41">
<createdBy>lianl</createdBy>
<createdTime>2026-01-25 17:20:58 UTC</createdTime>
<generatorID>B6F14972-597C-D156-D551-85A8D57C5961</generatorID>
<notes><![CDATA[domicilio de trabajador.]]></notes>
<ownerDesignName>modelo</ownerDesignName>
<useDomainConstraints>false</useDomainConstraints>
<use>1</use>
<logicalDatatype>LOGDT024</logicalDatatype>
<ownDataTypeParameters>,,</ownDataTypeParameters>
<autoIncrementCycle>false</autoIncrementCycle>
</Column>
</columns>
<indexes itemClass="oracle.dbtools.crest.model.design.relational.Index">
<ind_PK_UK id="1B7D000F-4416-EC1C-8626-209005DC5425" name="Trabajador_PK">
<createdBy>lianl</createdBy>
<createdTime>2026-01-25 17:20:58 UTC</createdTime>
<generatorID>BC3DC83B-5D13-3225-7A4F-424BD5C780FA</generatorID>
<ownerDesignName>modelo</ownerDesignName>
<pk>true</pk>
<indexState>Primary Constraint</indexState>
<isSurrogateKey>false</isSurrogateKey>
<indexColumnUsage>
<colUsage columnID="52C70663-51EF-05A9-5FFF-3F00B69BBE86"/>
</indexColumnUsage>
</ind_PK_UK>
</indexes>
</Table>