<?xml version = '1.0' encoding = 'UTF-8'?>
<Table class="oracle.dbtools.crest.model.design.relational.Table" directorySegmentName="seg_0" id="B8445D4D-0FFF-6D04-2D6E-E838F4C85F57" name="Detalle_boleta">
<createdBy>lianl</createdBy>
<createdTime>2026-01-25 17:20:58 UTC</createdTime>
<generatorID>4BEF3BB0-AF46-99E8-43C1-30F793469F9B</generatorID>
<ownerDesignName>modelo</ownerDesignName>
<allowColumnReorder>false</allowColumnReorder>
<existDependencyGenerateInDDl>true</existDependencyGenerateInDDl>
<parsed>true</parsed>
<columns itemClass="oracle.dbtools.crest.model.design.relational.Column">
<Column name="Producto_sku" id="83847E63-1F21-074B-3333-0B8FDBDCBFA4">
<createdBy>lianl</createdBy>
<createdTime>2026-01-25 17:20:58 UTC</createdTime>
<generatorID>F2A99A19-C76C-519C-C410-4ACE9C7CF999</generatorID>
<ownerDesignName>modelo</ownerDesignName>
<useDomainConstraints>false</useDomainConstraints>
<use>1</use>
<logicalDatatype>LOGDT019</logicalDatatype>
<dataTypePrecision>6</dataTypePrecision>
<ownDataTypeParameters>,,</ownDataTypeParameters>
<previousColumn>false</previousColumn>
<autoIncrementCycle>false</autoIncrementCycle>
<associations>
<colAssociation fkAssociation="6D545AF8-09B5-3895-F670-204CAE396500" referredColumn="CC7207AF-8FF3-0F05-9F39-A4C6CECCB61F"/>
</associations>
</Column>
<Column name="Boleta_numero_boleta" id="B140C749-07A6-390F-7A04-68CDB31DAFEA">
<createdBy>lianl</createdBy>
<createdTime>2026-01-25 17:20:58 UTC</createdTime>
<generatorID>778EEA6B-544D-DCC1-D8D8-0D81C458143C</generatorID>
<ownerDesignName>modelo</ownerDesignName>
<useDomainConstraints>false</useDomainConstraints>
<use>1</use>
<logicalDatatype>LOGDT019</logicalDatatype>
<dataTypePrecision>8</dataTypePrecision>
<ownDataTypeParameters>,,</ownDataTypeParameters>
<previousColumn>false</previousColumn>
<autoIncrementCycle>false</autoIncrementCycle>
<associations>
<colAssociation fkAssociation="5EDB0B22-8E32-6095-8DC6-7EA8C66CF33F" referredColumn="EE7CB95B-C128-D11A-6AAE-3DE284A2ADBA"/>
</associations>
</Column>
<Column name="cantidad" id="D1673AB1-440C-413A-AE03-410485CA7309">
<createdBy>lianl</createdBy>
<createdTime>2026-01-25 17:20:58 UTC</createdTime>
<generatorID>C3F29824-6E12-59A5-8C27-27D37B9A108D</generatorID>
<ownerDesignName>modelo</ownerDesignName>
<useDomainConstraints>false</useDomainConstraints>
<use>1</use>
<logicalDatatype>LOGDT019</logicalDatatype>
<dataTypePrecision>5</dataTypePrecision>
<ownDataTypeParameters>,5,</ownDataTypeParameters>
<autoIncrementCycle>false</autoIncrementCycle>
</Column>
<Column name="precio_unitario" id="C6762E74-C19B-DB2B-FCBE-4DD88563A0B8">
<createdBy>lianl</createdBy>
<createdTime>2026-01-25 17:20:58 UTC</createdTime>
<generatorID>8A232DA7-2717-76FB-B9A9-36FE65F57D8E</generatorID>
<ownerDesignName>modelo</ownerDesignName>
<useDomainConstraints>false</useDomainConstraints>
<use>1</use>
<logicalDatatype>LOGDT019</logicalDatatype>
<dataTypePrecision>10</dataTypePrecision>
<dataTypeScale>2</dataTypeScale>
<ownDataTypeParameters>,10,2</ownDataTypeParameters>
<autoIncrementCycle>false</autoIncrementCycle>
</Column>
</columns>
<indexes itemClass="oracle.dbtools.crest.model.design.relational.Index">
<ind_PK_UK id="40220ACE-F902-8F4B-29D6-27FA7D4343E2" name="Detalle_boleta_Producto_FK">
<createdBy>lianl</createdBy>
<createdTime>2026-01-25 17:20:58 UTC</createdTime>
<generatorID>514E6649-C271-6861-884D-315F1195B48D</generatorID>
<ownerDesignName>modelo</ownerDesignName>
<indexState>Foreign Key</indexState>
<isSurrogateKey>false</isSurrogateKey>
<indexColumnUsage>
<colUsage columnID="83847E63-1F21-074B-3333-0B8FDBDCBFA4"/>
</indexColumnUsage>
</ind_PK_UK>
<ind_PK_UK id="B5906301-ED85-4528-DF96-DBE79A553188" name="Detalle_boleta_Boleta_FK">
<createdBy>lianl</createdBy>
<createdTime>2026-01-25 17:20:58 UTC</createdTime>
<generatorID>627049A5-E5ED-48F6-D18D-4CC8A93F2A28</generatorID>
<ownerDesignName>modelo</ownerDesignName>
<indexState>Foreign Key</indexState>
<isSurrogateKey>false</isSurrogateKey>
<indexColumnUsage>
<colUsage columnID="B140C749-07A6-390F-7A04-68CDB31DAFEA"/>
</indexColumnUsage>
</ind_PK_UK>
</indexes>
</Table>