<?xml version = '1.0' encoding = 'UTF-8'?>
<Table class="oracle.dbtools.crest.model.design.relational.Table" directorySegmentName="seg_0" id="C31CF979-BDAC-1AB3-C944-8AE8C73A7D87" name="Cliente_vip">
<createdBy>lianl</createdBy>
<createdTime>2026-01-25 17:20:58 UTC</createdTime>
<generatorID>350FF178-3DAD-5FE0-AE07-44FA1E674652</generatorID>
<ownerDesignName>modelo</ownerDesignName>
<allowColumnReorder>false</allowColumnReorder>
<existDependencyGenerateInDDl>true</existDependencyGenerateInDDl>
<parsed>true</parsed>
<columns itemClass="oracle.dbtools.crest.model.design.relational.Column">
<Column name="id_cliente" id="8A3A6F26-6BC9-6977-86B9-AC1C4F7298F8">
<createdBy>lianl</createdBy>
<createdTime>2026-01-25 17:20:58 UTC</createdTime>
<generatorID>9753A171-F80B-8545-0737-830CC9529C5A</generatorID>
<notes><![CDATA[Número entero que identifica de forma única al cliente.]]></notes>
<ownerDesignName>modelo</ownerDesignName>
<shouldEngineer>false</shouldEngineer>
<useDomainConstraints>false</useDomainConstraints>
<use>1</use>
<logicalDatatype>LOGDT019</logicalDatatype>
<dataTypePrecision>6</dataTypePrecision>
<ownDataTypeParameters>,,</ownDataTypeParameters>
<autoIncrementCycle>false</autoIncrementCycle>
<associations>
<colAssociation fkAssociation="80F2E87A-79AA-CDCE-1728-BEE60D0D85A1" referredColumn="BAA6891E-7BE7-D3A9-3122-AC6165D93334"/>
</associations>
</Column>
<Column name="porcentaje_descuento" id="C582741E-0AE9-E9D0-7469-69A4478ABCC1">
<createdBy>lianl</createdBy>
<createdTime>2026-01-25 17:20:58 UTC</createdTime>
<generatorID>ED964F02-E786-4A03-40DB-F79E3A2B2E14</generatorID>
<notes><![CDATA[Porcentaje de descuento aplicable en futuras compras, entre 1% y 99.9%.]]></notes>
<ownerDesignName>modelo</ownerDesignName>
<useDomainConstraints>false</useDomainConstraints>
<use>1</use>
<logicalDatatype>LOGDT019</logicalDatatype>
<dataTypePrecision>3</dataTypePrecision>
<dataTypeScale>1</dataTypeScale>
<ownDataTypeParameters>,3,1</ownDataTypeParameters>
<autoIncrementCycle>false</autoIncrementCycle>
</Column>
</columns>
<indexes itemClass="oracle.dbtools.crest.model.design.relational.Index">
<ind_PK_UK id="408BA55D-49FB-E717-2DB2-E9162E3BF294" name="Cliente_vip_PK">
<createdBy>lianl</createdBy>
<createdTime>2026-01-25 17:20:58 UTC</createdTime>
<generatorID>45FC04BB-1D03-11D6-4521-55B6EB4D18EC</generatorID>
<ownerDesignName>modelo</ownerDesignName>
<shouldEngineer>false</shouldEngineer>
<pk>true</pk>
<indexState>Primary Constraint</indexState>
<isSurrogateKey>false</isSurrogateKey>
<indexColumnUsage>
<colUsage columnID="8A3A6F26-6BC9-6977-86B9-AC1C4F7298F8"/>
</indexColumnUsage>
</ind_PK_UK>
<ind_PK_UK id="9E5AFA6F-96DA-2C50-244C-8B30A79B0085" name="Cliente_vip_Cliente_FK">
<createdBy>lianl</createdBy>
<createdTime>2026-01-25 17:20:58 UTC</createdTime>
<generatorID>6382E24C-C3F5-463A-EBDA-889AC765A9F1</generatorID>
<ownerDesignName>modelo</ownerDesignName>
<indexState>Foreign Key</indexState>
<isSurrogateKey>false</isSurrogateKey>
<indexColumnUsage>
<colUsage columnID="8A3A6F26-6BC9-6977-86B9-AC1C4F7298F8"/>
</indexColumnUsage>
</ind_PK_UK>
</indexes>
</Table>