<?xml version = '1.0' encoding = 'UTF-8'?>
<Table class="oracle.dbtools.crest.model.design.relational.Table" directorySegmentName="seg_0" id="C81826E2-373E-B8AA-B3A0-106891706F47" name="Boleta">
<createdBy>lianl</createdBy>
<createdTime>2026-01-25 17:20:58 UTC</createdTime>
<generatorID>2D01CA5B-A4C4-D7A5-C329-6ED7AFFB833E</generatorID>
<ownerDesignName>modelo</ownerDesignName>
<allowColumnReorder>false</allowColumnReorder>
<existDependencyGenerateInDDl>true</existDependencyGenerateInDDl>
<parsed>true</parsed>
<columns itemClass="oracle.dbtools.crest.model.design.relational.Column">
<Column name="numero_boleta" id="EE7CB95B-C128-D11A-6AAE-3DE284A2ADBA">
<createdBy>lianl</createdBy>
<createdTime>2026-01-25 17:20:58 UTC</createdTime>
<generatorID>5C57D2F4-C90F-947E-63F3-47907E79FE0B</generatorID>
<notes><![CDATA[número entero que identifica de forma única la boleta.]]></notes>
<ownerDesignName>modelo</ownerDesignName>
<useDomainConstraints>false</useDomainConstraints>
<use>1</use>
<logicalDatatype>LOGDT019</logicalDatatype>
<dataTypePrecision>8</dataTypePrecision>
<ownDataTypeParameters>,8,</ownDataTypeParameters>
<autoIncrementCycle>false</autoIncrementCycle>
</Column>
<Column name="monto_total" id="4E6406AE-A574-141E-7487-83923641D748">
<createdBy>lianl</createdBy>
<createdTime>2026-01-25 17:20:58 UTC</createdTime>
<generatorID>9F615AB7-1F70-6110-C6C4-38E8B0B4591A</generatorID>
<ownerDesignName>modelo</ownerDesignName>
<useDomainConstraints>false</useDomainConstraints>
<use>1</use>
<logicalDatatype>LOGDT019</logicalDatatype>
<dataTypePrecision>12</dataTypePrecision>
<dataTypeScale>2</dataTypeScale>
<ownDataTypeParameters>,12,2</ownDataTypeParameters>
<autoIncrementCycle>false</autoIncrementCycle>
</Column>
<Column name="fecha_boleta" id="82DC4A24-9081-2F1E-A38A-B4D4532D4343">
<createdBy>lianl</createdBy>
<createdTime>2026-01-25 17:20:58 UTC</createdTime>
<generatorID>3E19E0E5-FA79-47D0-10CF-609CC1B19F69</generatorID>
<notes><![CDATA[fecha y hora de emisión de la boleta.]]></notes>
<ownerDesignName>modelo</ownerDesignName>
<useDomainConstraints>false</useDomainConstraints>
<use>1</use>
<logicalDatatype>LOGDT008</logicalDatatype>
<ownDataTypeParameters>,,</ownDataTypeParameters>
<autoIncrementCycle>false</autoIncrementCycle>
</Column>
<Column name="cantidad_productos" id="FEE628AA-C828-6A9D-0AEB-CBA026490F13">
<createdBy>lianl</createdBy>
<createdTime>2026-01-25 17:20:58 UTC</createdTime>
<generatorID>25B351F3-2FFE-6906-772E-BF11671C1663</generatorID>
<notes><![CDATA[número entero mayor que cero.]]></notes>
<ownerDesignName>modelo</ownerDesignName>
<useDomainConstraints>false</useDomainConstraints>
<use>1</use>
<logicalDatatype>LOGDT019</logicalDatatype>
<dataTypePrecision>4</dataTypePrecision>
<ownDataTypeParameters>,4,</ownDataTypeParameters>
<autoIncrementCycle>false</autoIncrementCycle>
</Column>
<Column name="Cliente_id_cliente" id="BBDED06D-03D9-D0BE-A6E6-3AD07150CD02">
<createdBy>lianl</createdBy>
<createdTime>2026-01-25 17:20:58 UTC</createdTime>
<generatorID>DAF11AAA-08CA-26BC-B94D-6AC693EECB13</generatorID>
<ownerDesignName>modelo</ownerDesignName>
<useDomainConstraints>false</useDomainConstraints>
<use>1</use>
<logicalDatatype>LOGDT019</logicalDatatype>
<dataTypePrecision>6</dataTypePrecision>
<ownDataTypeParameters>,,</ownDataTypeParameters>
<previousColumn>false</previousColumn>
<autoIncrementCycle>false</autoIncrementCycle>
<associations>
<colAssociation fkAssociation="5FA1C31C-E79F-193C-F3E4-EE2DD20A7076" referredColumn="BAA6891E-7BE7-D3A9-3122-AC6165D93334"/>
</associations>
</Column>
<Column name="Trabajador_id_trabajador" id="71689682-9A94-F95E-7339-2F0F87DCDBC0">
<createdBy>lianl</createdBy>
<createdTime>2026-01-25 17:20:58 UTC</createdTime>
<generatorID>DC1749D7-CAF2-1DB4-4C9A-387CB358F777</generatorID>
<ownerDesignName>modelo</ownerDesignName>
<useDomainConstraints>false</useDomainConstraints>
<use>1</use>
<logicalDatatype>LOGDT019</logicalDatatype>
<dataTypePrecision>6</dataTypePrecision>
<ownDataTypeParameters>,,</ownDataTypeParameters>
<previousColumn>false</previousColumn>
<autoIncrementCycle>false</autoIncrementCycle>
<associations>
<colAssociation fkAssociation="2BF90442-B35C-DD6C-0D6B-6C24AA2C5CFB" referredColumn="52C70663-51EF-05A9-5FFF-3F00B69BBE86"/>
</associations>
</Column>
<Column name="Sucursal_numero_sucursal" id="748CCD2D-0199-036E-0FC7-DC37166DF22F">
<createdBy>lianl</createdBy>
<createdTime>2026-01-25 17:20:58 UTC</createdTime>
<generatorID>FF552BF5-1A57-9B23-73F5-D82D04B7C509</generatorID>
<ownerDesignName>modelo</ownerDesignName>
<useDomainConstraints>false</useDomainConstraints>
<use>1</use>
<logicalDatatype>LOGDT019</logicalDatatype>
<dataTypePrecision>3</dataTypePrecision>
<ownDataTypeParameters>,,</ownDataTypeParameters>
<previousColumn>false</previousColumn>
<autoIncrementCycle>false</autoIncrementCycle>
<associations>
<colAssociation fkAssociation="3DD14085-1833-D1BE-900B-02C399766621" referredColumn="0BC82FBB-36D8-5D37-922B-3EE63FFE86A6"/>
</associations>
</Column>
</columns>
<indexes itemClass="oracle.dbtools.crest.model.design.relational.Index">
<ind_PK_UK id="00F3268D-F0B4-8C4D-5337-031E0C8A8B2E" name="Boleta_PK">
<createdBy>lianl</createdBy>
<createdTime>2026-01-25 17:20:58 UTC</createdTime>
<generatorID>F9860F40-80F2-298A-B34D-9236DE8F3BD7</generatorID>
<ownerDesignName>modelo</ownerDesignName>
<pk>true</pk>
<indexState>Primary Constraint</indexState>
<isSurrogateKey>false</isSurrogateKey>
<indexColumnUsage>
<colUsage columnID="EE7CB95B-C128-D11A-6AAE-3DE284A2ADBA"/>
</indexColumnUsage>
</ind_PK_UK>
<ind_PK_UK id="EBE6412A-2169-1700-FEC8-BD4D321BCEF2" name="Boleta_Trabajador_FK">
<createdBy>lianl</createdBy>
<createdTime>2026-01-25 17:20:58 UTC</createdTime>
<generatorID>8D7ABDBF-EE87-70FC-A186-A58D833655D2</generatorID>
<ownerDesignName>modelo</ownerDesignName>
<indexState>Foreign Key</indexState>
<isSurrogateKey>false</isSurrogateKey>
<indexColumnUsage>
<colUsage columnID="71689682-9A94-F95E-7339-2F0F87DCDBC0"/>
</indexColumnUsage>
</ind_PK_UK>
<ind_PK_UK id="35E7DE9E-94D1-05F3-5056-8D799604EE06" name="Boleta_Sucursal_FK">
<createdBy>lianl</createdBy>
<createdTime>2026-01-25 17:20:58 UTC</createdTime>
<generatorID>09FC4DBE-9BD6-AC71-C855-5969347045EA</generatorID>
<ownerDesignName>modelo</ownerDesignName>
<indexState>Foreign Key</indexState>
<isSurrogateKey>false</isSurrogateKey>
<indexColumnUsage>
<colUsage columnID="748CCD2D-0199-036E-0FC7-DC37166DF22F"/>
</indexColumnUsage>
</ind_PK_UK>
<ind_PK_UK id="4068076F-DB1B-6BC7-E2DB-816A17EEE240" name="Boleta_Cliente_FK">
<createdBy>lianl</createdBy>
<createdTime>2026-01-25 17:20:58 UTC</createdTime>
<generatorID>22D676BD-B17D-8235-E377-F3902EBD0BC6</generatorID>
<ownerDesignName>modelo</ownerDesignName>
<indexState>Foreign Key</indexState>
<isSurrogateKey>false</isSurrogateKey>
<indexColumnUsage>
<colUsage columnID="BBDED06D-03D9-D0BE-A6E6-3AD07150CD02"/>
</indexColumnUsage>
</ind_PK_UK>
</indexes>
</Table>