<?xml version = '1.0' encoding = 'UTF-8'?>
<Table class="oracle.dbtools.crest.model.design.relational.Table" directorySegmentName="seg_0" id="C90163B0-63BE-5C0B-51A2-69969A6D061C" name="Contrato">
<createdBy>lianl</createdBy>
<createdTime>2026-01-25 17:20:58 UTC</createdTime>
<generatorID>1D84B136-0484-2025-359E-A8C89804A88A</generatorID>
<ownerDesignName>modelo</ownerDesignName>
<allowColumnReorder>false</allowColumnReorder>
<existDependencyGenerateInDDl>true</existDependencyGenerateInDDl>
<parsed>true</parsed>
<columns itemClass="oracle.dbtools.crest.model.design.relational.Column">
<Column name="id_contrato" id="6CE9B1BD-147C-F5CA-B6CF-AC8F23FD395B">
<createdBy>lianl</createdBy>
<createdTime>2026-01-25 17:20:58 UTC</createdTime>
<generatorID>6E5010E4-8788-67DC-E06A-B2ABC86D1E66</generatorID>
<notes><![CDATA[Número entero que identifica de forma única el contrato.]]></notes>
<ownerDesignName>modelo</ownerDesignName>
<useDomainConstraints>false</useDomainConstraints>
<use>1</use>
<logicalDatatype>LOGDT019</logicalDatatype>
<dataTypePrecision>6</dataTypePrecision>
<ownDataTypeParameters>,6,</ownDataTypeParameters>
<autoIncrementCycle>false</autoIncrementCycle>
</Column>
<Column name="fecha_inicio" id="D331C5A0-576E-872E-F2E6-3B5803582ECC">
<createdBy>lianl</createdBy>
<createdTime>2026-01-25 17:20:58 UTC</createdTime>
<generatorID>823BF97E-6219-FD87-B9B4-40B156E2DE97</generatorID>
<notes><![CDATA[Fecha de inicio del contrato.]]></notes>
<ownerDesignName>modelo</ownerDesignName>
<useDomainConstraints>false</useDomainConstraints>
<use>1</use>
<logicalDatatype>LOGDT007</logicalDatatype>
<ownDataTypeParameters>,,</ownDataTypeParameters>
<autoIncrementCycle>false</autoIncrementCycle>
</Column>
<Column name="fecha_termino" id="913EE48A-4E62-7E45-E9F3-5C7CD8B1BDD9">
<createdBy>lianl</createdBy>
<createdTime>2026-01-25 17:20:58 UTC</createdTime>
<generatorID>23E764E4-9FC1-4110-D113-6615D37E5B9C</generatorID>
<notes><![CDATA[fecha de término del contrato. (Atributo opcional).]]></notes>
<ownerDesignName>modelo</ownerDesignName>
<nullsAllowed>true</nullsAllowed>
<useDomainConstraints>false</useDomainConstraints>
<use>1</use>
<logicalDatatype>LOGDT007</logicalDatatype>
<ownDataTypeParameters>,,</ownDataTypeParameters>
<autoIncrementCycle>false</autoIncrementCycle>
</Column>
<Column name="Sucursal_numero_sucursal" id="FAEB2998-0560-5204-36D2-64ECFF491453">
<createdBy>lianl</createdBy>
<createdTime>2026-01-25 17:20:58 UTC</createdTime>
<generatorID>303C500F-5742-19AE-0A34-B02F11039720</generatorID>
<ownerDesignName>modelo</ownerDesignName>
<useDomainConstraints>false</useDomainConstraints>
<use>1</use>
<logicalDatatype>LOGDT019</logicalDatatype>
<dataTypePrecision>3</dataTypePrecision>
<ownDataTypeParameters>,,</ownDataTypeParameters>
<previousColumn>false</previousColumn>
<autoIncrementCycle>false</autoIncrementCycle>
<associations>
<colAssociation fkAssociation="912CFFB5-C508-FFFC-3D95-8737F9E16091" referredColumn="0BC82FBB-36D8-5D37-922B-3EE63FFE86A6"/>
</associations>
</Column>
<Column name="Cargo_id_cargo" id="C0415815-BE56-EC88-2F57-73BFC2CABD1B">
<createdBy>lianl</createdBy>
<createdTime>2026-01-25 17:20:58 UTC</createdTime>
<generatorID>D1F931C6-FCD4-1420-CD1A-961AB0E59936</generatorID>
<ownerDesignName>modelo</ownerDesignName>
<useDomainConstraints>false</useDomainConstraints>
<use>1</use>
<logicalDatatype>LOGDT019</logicalDatatype>
<dataTypePrecision>3</dataTypePrecision>
<ownDataTypeParameters>,,</ownDataTypeParameters>
<previousColumn>false</previousColumn>
<autoIncrementCycle>false</autoIncrementCycle>
<associations>
<colAssociation fkAssociation="ACE9312E-94BA-449F-11B2-D02E6857A061" referredColumn="8F0ECCC7-E16D-462C-0DF0-34A57DA2B9D4"/>
</associations>
</Column>
<Column name="Trabajador_id_trabajador" id="BE0C02C3-2814-CF34-143C-255C78BDEE1B">
<createdBy>lianl</createdBy>
<createdTime>2026-01-25 17:20:58 UTC</createdTime>
<generatorID>165FC7E8-F6FB-C247-C4E7-A24C7A57E528</generatorID>
<ownerDesignName>modelo</ownerDesignName>
<useDomainConstraints>false</useDomainConstraints>
<use>1</use>
<logicalDatatype>LOGDT019</logicalDatatype>
<dataTypePrecision>6</dataTypePrecision>
<ownDataTypeParameters>,,</ownDataTypeParameters>
<previousColumn>false</previousColumn>
<autoIncrementCycle>false</autoIncrementCycle>
<associations>
<colAssociation fkAssociation="42BEF0B6-2EEC-131A-CBC1-D9A600F0BE27" referredColumn="52C70663-51EF-05A9-5FFF-3F00B69BBE86"/>
</associations>
</Column>
<Column name="sueldo" id="00FDFA3E-68F6-5614-1571-7A57543E3714">
<createdBy>lianl</createdBy>
<createdTime>2026-01-25 17:20:58 UTC</createdTime>
<generatorID>3CDD3953-C134-CD95-65DE-E3425749EB73</generatorID>
<notes><![CDATA[Compensación economica por trabajador.]]></notes>
<ownerDesignName>modelo</ownerDesignName>
<useDomainConstraints>false</useDomainConstraints>
<use>1</use>
<logicalDatatype>LOGDT019</logicalDatatype>
<dataTypePrecision>7</dataTypePrecision>
<ownDataTypeParameters>,7,</ownDataTypeParameters>
<autoIncrementCycle>false</autoIncrementCycle>
</Column>
</columns>
<indexes itemClass="oracle.dbtools.crest.model.design.relational.Index">
<ind_PK_UK id="7A7B2D97-5C68-6CD0-B444-BA8E22681A59" name="Contrato_PK">
<createdBy>lianl</createdBy>
<createdTime>2026-01-25 17:20:58 UTC</createdTime>
<generatorID>3E3A9EA6-872F-C243-ADA7-79A42A2855C1</generatorID>
<ownerDesignName>modelo</ownerDesignName>
<shouldEngineer>false</shouldEngineer>
<pk>true</pk>
<indexState>Primary Constraint</indexState>
<isSurrogateKey>false</isSurrogateKey>
<indexColumnUsage>
<colUsage columnID="6CE9B1BD-147C-F5CA-B6CF-AC8F23FD395B"/>
</indexColumnUsage>
</ind_PK_UK>
<ind_PK_UK id="C69EFA20-2BB4-579F-4923-5C1FE2CB37F2" name="Contrato_Trabajador_FK">
<createdBy>lianl</createdBy>
<createdTime>2026-01-25 17:20:58 UTC</createdTime>
<generatorID>5C3886AB-E87A-7D95-F1B2-7C9371A75484</generatorID>
<ownerDesignName>modelo</ownerDesignName>
<indexState>Foreign Key</indexState>
<isSurrogateKey>false</isSurrogateKey>
<indexColumnUsage>
<colUsage columnID="BE0C02C3-2814-CF34-143C-255C78BDEE1B"/>
</indexColumnUsage>
</ind_PK_UK>
<ind_PK_UK id="11563CC2-3418-2D6B-E4BE-67881FA800AB" name="Contrato_Cargo_FK">
<createdBy>lianl</createdBy>
<createdTime>2026-01-25 17:20:58 UTC</createdTime>
<generatorID>1353FC36-39C1-5A2F-D401-C23370FFD3D8</generatorID>
<ownerDesignName>modelo</ownerDesignName>
<indexState>Foreign Key</indexState>
<isSurrogateKey>false</isSurrogateKey>
<indexColumnUsage>
<colUsage columnID="C0415815-BE56-EC88-2F57-73BFC2CABD1B"/>
</indexColumnUsage>
</ind_PK_UK>
<ind_PK_UK id="1BC4A518-6018-ACB4-7396-24508E2D3EFC" name="Contrato_Sucursal_FK">
<createdBy>lianl</createdBy>
<createdTime>2026-01-25 17:20:58 UTC</createdTime>
<generatorID>787908F1-271D-F7E4-E496-B41E16664F5A</generatorID>
<ownerDesignName>modelo</ownerDesignName>
<indexState>Foreign Key</indexState>
<isSurrogateKey>false</isSurrogateKey>
<indexColumnUsage>
<colUsage columnID="FAEB2998-0560-5204-36D2-64ECFF491453"/>
</indexColumnUsage>
</ind_PK_UK>
</indexes>
</Table>