<?xml version = '1.0' encoding = 'UTF-8'?>
<Diagram class="oracle.dbtools.crest.swingui.logical.DPVLogical" name="Logical" id="50E147B1-68BE-8DEC-D6F0-9C2F4614438F">
<createdBy>lianl</createdBy>
<modifiedBy>lianl</modifiedBy>
<createdTime>2026-01-24 20:07:27 UTC</createdTime>
<autoRoute>false</autoRoute>
<boxInbox>true</boxInbox>
<showLegend>false</showLegend>
<showLabels>false</showLabels>
<showRelAttributes>false</showRelAttributes>
<gridEnabled>false</gridEnabled>
<showGrid>false</showGrid>
<diagramColor>-1</diagramColor>
<display>false</display>
<notation>1</notation>
<objectViews>
<OView class="oracle.dbtools.crest.swingui.logical.TVEntity" oid="1D84B136-0484-2025-359E-A8C89804A88A" otype="Entity" vid="76943968-DEE8-6D06-679A-6AC9E36A87FB">
<hideElementsInCurrentOnly>false</hideElementsInCurrentOnly>
<bounds x="277" y="40" width="271" height="168"/>
</OView>
<OView class="oracle.dbtools.crest.swingui.logical.TVEntity" oid="2D01CA5B-A4C4-D7A5-C329-6ED7AFFB833E" otype="Entity" vid="E6216C0F-C287-CAD2-6A4C-C8C29C65E793">
<hideElementsInCurrentOnly>false</hideElementsInCurrentOnly>
<bounds x="341" y="264" width="151" height="82"/>
</OView>
<OView class="oracle.dbtools.crest.swingui.logical.TVEntity" oid="350FF178-3DAD-5FE0-AE07-44FA1E674652" otype="Entity" vid="C5465F3E-656E-218A-51E5-C294E623FCCB">
<hideElementsInCurrentOnly>false</hideElementsInCurrentOnly>
<bounds x="182" y="434" width="165" height="42"/>
</OView>
<OView class="oracle.dbtools.crest.swingui.logical.TVEntity" oid="3A95743C-86F5-4969-EB2E-E8675C425C2C" otype="Entity" vid="0426942C-A9E1-6EEC-59AD-BCAD7446488D">
<hideElementsInCurrentOnly>false</hideElementsInCurrentOnly>
<bounds x="400" y="60" width="136" height="42"/>
</OView>
<OView class="oracle.dbtools.crest.swingui.logical.TVEntity" oid="41A46CB9-21B1-D092-D30E-ABECBA09630F" otype="Entity" vid="85399368-147D-3739-E5BD-A21622BFA83C">
<hideElementsInCurrentOnly>false</hideElementsInCurrentOnly>
<bounds x="180" y="481" width="129" height="42"/>
</OView>
<OView class="oracle.dbtools.crest.swingui.logical.TVEntity" oid="4BEF3BB0-AF46-99E8-43C1-30F793469F9B" otype="Entity" vid="A8FCEC4F-8949-E59F-4021-233ED6B0275E">
<hideElementsInCurrentOnly>false</hideElementsInCurrentOnly>
<bounds x="591" y="296" width="129" height="54"/>
</OView>
<OView class="oracle.dbtools.crest.swingui.logical.TVEntity" oid="74B24F6A-0862-F114-28F8-B0F0123AEA39" otype="Entity" vid="133F0D8B-4F08-5962-F228-480207E43C7B">
<hideElementsInCurrentOnly>false</hideElementsInCurrentOnly>
<bounds x="125" y="285" width="126" height="68"/>
</OView>
<OView class="oracle.dbtools.crest.swingui.logical.TVEntity" oid="9445B543-0760-0E16-328B-CC631EF2ECBF" otype="Entity" vid="7D322627-25BD-DAE9-BF7C-C8247E8E2F0A">
<hideElementsInCurrentOnly>false</hideElementsInCurrentOnly>
<bounds x="28" y="409" width="329" height="126"/>
</OView>
<OView class="oracle.dbtools.crest.swingui.logical.TVEntity" oid="9F59E391-8D25-D428-326A-EFC1661EA31A" otype="Entity" vid="D5B5D96E-5FF2-6C2C-6BDE-14CEB18C2ED4">
<hideElementsInCurrentOnly>false</hideElementsInCurrentOnly>
<bounds x="28" y="114" width="153" height="68"/>
</OView>
<OView class="oracle.dbtools.crest.swingui.logical.TVEntity" oid="A4A8A564-0D15-02B3-1561-860CA47F1C2F" otype="Entity" vid="2DB099E1-8B1A-FF9D-D74C-CA6642720254">
<hideElementsInCurrentOnly>false</hideElementsInCurrentOnly>
<bounds x="405" y="425" width="129" height="96"/>
</OView>
<OView class="oracle.dbtools.crest.swingui.logical.TVEntity" oid="C3CF6D9D-4685-3458-71C8-4BAB1C7B1738" otype="Entity" vid="A4195942-85AF-57BA-E40D-FC241A409596">
<hideElementsInCurrentOnly>false</hideElementsInCurrentOnly>
<bounds x="639" y="82" width="144" height="124"/>
</OView>
<OView class="oracle.dbtools.crest.swingui.logical.TVEntity" oid="E1B1426D-AEB0-F82E-4260-753A746C3D62" otype="Entity" vid="2232100F-AEFA-ED8F-622C-4070E5673C36">
<hideElementsInCurrentOnly>false</hideElementsInCurrentOnly>
<bounds x="400" y="112" width="129" height="84"/>
</OView>
</objectViews>
<connectors>
<Connector class="oracle.dbtools.crest.swingui.logical.TVRelation" oid="09FC4DBE-9BD6-AC71-C855-5969347045EA" otype="Relation" vid_source="D5B5D96E-5FF2-6C2C-6BDE-14CEB18C2ED4" vid_target="E6216C0F-C287-CAD2-6A4C-C8C29C65E793">
<hideElementsInCurrentOnly>false</hideElementsInCurrentOnly>
<backgroundColor>-16777216</backgroundColor>
<lineWidth>1</lineWidth>
<points>
<point x="172" y="182"/>
<point x="356" y="264"/>
</points>
</Connector>
<Connector class="oracle.dbtools.crest.swingui.logical.TVRelation" oid="1353FC36-39C1-5A2F-D401-C23370FFD3D8" otype="Relation" vid_source="133F0D8B-4F08-5962-F228-480207E43C7B" vid_target="76943968-DEE8-6D06-679A-6AC9E36A87FB">
<hideElementsInCurrentOnly>false</hideElementsInCurrentOnly>
<backgroundColor>-16777216</backgroundColor>
<lineWidth>1</lineWidth>
<points>
<point x="213" y="285"/>
<point x="337" y="208"/>
</points>
</Connector>
<Connector class="oracle.dbtools.crest.swingui.logical.TVRelation" oid="22D676BD-B17D-8235-E377-F3902EBD0BC6" otype="Relation" vid_source="7D322627-25BD-DAE9-BF7C-C8247E8E2F0A" vid_target="E6216C0F-C287-CAD2-6A4C-C8C29C65E793">
<hideElementsInCurrentOnly>false</hideElementsInCurrentOnly>
<backgroundColor>-16777216</backgroundColor>
<lineWidth>1</lineWidth>
<points>
<point x="349" y="409"/>
<point x="349" y="346"/>
</points>
</Connector>
<Connector class="oracle.dbtools.crest.swingui.logical.TVInheritanceRelation" oid="2AEEDA97-5C2F-7880-40EB-582B03458B26" otype="Hierarchy relation" vid_source="7D322627-25BD-DAE9-BF7C-C8247E8E2F0A" vid_target="85399368-147D-3739-E5BD-A21622BFA83C">
<hideElementsInCurrentOnly>false</hideElementsInCurrentOnly>
<backgroundColor>-65536</backgroundColor>
<lineWidth>1</lineWidth>
</Connector>
<Connector class="oracle.dbtools.crest.swingui.logical.TVRelation" oid="514E6649-C271-6861-884D-315F1195B48D" otype="Relation" vid_source="2DB099E1-8B1A-FF9D-D74C-CA6642720254" vid_target="A8FCEC4F-8949-E59F-4021-233ED6B0275E">
<hideElementsInCurrentOnly>false</hideElementsInCurrentOnly>
<backgroundColor>-16777216</backgroundColor>
<lineWidth>1</lineWidth>
<points>
<point x="529" y="425"/>
<point x="637" y="350"/>
</points>
</Connector>
<Connector class="oracle.dbtools.crest.swingui.logical.TVRelation" oid="5C3886AB-E87A-7D95-F1B2-7C9371A75484" otype="Relation" vid_source="A4195942-85AF-57BA-E40D-FC241A409596" vid_target="76943968-DEE8-6D06-679A-6AC9E36A87FB">
<hideElementsInCurrentOnly>false</hideElementsInCurrentOnly>
<backgroundColor>-16777216</backgroundColor>
<lineWidth>1</lineWidth>
<points>
<point x="639" y="153"/>
<point x="548" y="153"/>
</points>
</Connector>
<Connector class="oracle.dbtools.crest.swingui.logical.TVRelation" oid="627049A5-E5ED-48F6-D18D-4CC8A93F2A28" otype="Relation" vid_source="E6216C0F-C287-CAD2-6A4C-C8C29C65E793" vid_target="A8FCEC4F-8949-E59F-4021-233ED6B0275E">
<hideElementsInCurrentOnly>false</hideElementsInCurrentOnly>
<backgroundColor>-16777216</backgroundColor>
<lineWidth>1</lineWidth>
<points>
<point x="492" y="336"/>
<point x="591" y="336"/>
</points>
</Connector>
<Connector class="oracle.dbtools.crest.swingui.logical.TVInheritanceRelation" oid="6382E24C-C3F5-463A-EBDA-889AC765A9F1" otype="Hierarchy relation" vid_source="7D322627-25BD-DAE9-BF7C-C8247E8E2F0A" vid_target="C5465F3E-656E-218A-51E5-C294E623FCCB">
<hideElementsInCurrentOnly>false</hideElementsInCurrentOnly>
<backgroundColor>-65536</backgroundColor>
<lineWidth>1</lineWidth>
</Connector>
<Connector class="oracle.dbtools.crest.swingui.logical.TVInheritanceRelation" oid="726C0403-48AE-53E5-AD31-F1FCCE0CD5AD" otype="Hierarchy relation" vid_source="76943968-DEE8-6D06-679A-6AC9E36A87FB" vid_target="0426942C-A9E1-6EEC-59AD-BCAD7446488D">
<hideElementsInCurrentOnly>false</hideElementsInCurrentOnly>
<backgroundColor>-65536</backgroundColor>
<lineWidth>1</lineWidth>
</Connector>
<Connector class="oracle.dbtools.crest.swingui.logical.TVRelation" oid="787908F1-271D-F7E4-E496-B41E16664F5A" otype="Relation" vid_source="D5B5D96E-5FF2-6C2C-6BDE-14CEB18C2ED4" vid_target="76943968-DEE8-6D06-679A-6AC9E36A87FB">
<hideElementsInCurrentOnly>false</hideElementsInCurrentOnly>
<backgroundColor>-16777216</backgroundColor>
<lineWidth>1</lineWidth>
<points>
<point x="181" y="163"/>
<point x="277" y="163"/>
</points>
</Connector>
<Connector class="oracle.dbtools.crest.swingui.logical.TVRelation" oid="8D7ABDBF-EE87-70FC-A186-A58D833655D2" otype="Relation" vid_source="A4195942-85AF-57BA-E40D-FC241A409596" vid_target="E6216C0F-C287-CAD2-6A4C-C8C29C65E793">
<hideElementsInCurrentOnly>false</hideElementsInCurrentOnly>
<backgroundColor>-16777216</backgroundColor>
<lineWidth>1</lineWidth>
<points>
<point x="639" y="183"/>
<point x="476" y="264"/>
</points>
</Connector>
<Connector class="oracle.dbtools.crest.swingui.logical.TVInheritanceRelation" oid="9E5E2347-E17F-5525-0883-8B45340B824D" otype="Hierarchy relation" vid_source="76943968-DEE8-6D06-679A-6AC9E36A87FB" vid_target="2232100F-AEFA-ED8F-622C-4070E5673C36">
<hideElementsInCurrentOnly>false</hideElementsInCurrentOnly>
<backgroundColor>-65536</backgroundColor>
<lineWidth>1</lineWidth>
</Connector>
</connectors>
<displays>
<Display class="oracle.dbtools.crest.swingui.logical.DPVLogical" name="Display_1" id="4BC26A75-5852-EC2D-35FD-41D136051867">
<createdBy>lianl</createdBy>
<modifiedBy>lianl</modifiedBy>
<createdTime>2026-01-25 17:46:13 UTC</createdTime>
<autoRoute>false</autoRoute>
<boxInbox>true</boxInbox>
<showLegend>false</showLegend>
<showLabels>false</showLabels>
<showRelAttributes>false</showRelAttributes>
<gridEnabled>false</gridEnabled>
<showGrid>false</showGrid>
<diagramColor>-1</diagramColor>
<display>true</display>
<notation>1</notation>
<objectViews>
<OView class="oracle.dbtools.crest.swingui.logical.TVEntity" oid="1D84B136-0484-2025-359E-A8C89804A88A" otype="Entity" vid="AFD288A0-9CEC-05C6-D6C0-BD5771D1CAA9">
<hideElementsInCurrentOnly>false</hideElementsInCurrentOnly>
<bounds x="277" y="40" width="277" height="154"/>
</OView>
<OView class="oracle.dbtools.crest.swingui.logical.TVEntity" oid="2D01CA5B-A4C4-D7A5-C329-6ED7AFFB833E" otype="Entity" vid="F7C48C91-87C1-74EF-CFE4-A3A61AB2D64A">
<hideElementsInCurrentOnly>false</hideElementsInCurrentOnly>
<bounds x="341" y="264" width="151" height="82"/>
</OView>
<OView class="oracle.dbtools.crest.swingui.logical.TVEntity" oid="350FF178-3DAD-5FE0-AE07-44FA1E674652" otype="Entity" vid="B6323DE8-3AB1-2BEF-97AD-16B798246894">
<hideElementsInCurrentOnly>false</hideElementsInCurrentOnly>
<bounds x="182" y="434" width="165" height="42"/>
</OView>
<OView class="oracle.dbtools.crest.swingui.logical.TVEntity" oid="3A95743C-86F5-4969-EB2E-E8675C425C2C" otype="Entity" vid="31DC3D1B-9A55-9CB5-0E44-9FD8448AA8F9">
<hideElementsInCurrentOnly>false</hideElementsInCurrentOnly>
<bounds x="403" y="140" width="139" height="42"/>
</OView>
<OView class="oracle.dbtools.crest.swingui.logical.TVEntity" oid="41A46CB9-21B1-D092-D30E-ABECBA09630F" otype="Entity" vid="BC041EEF-8FE6-35D1-3A81-A72CCDFA1A23">
<hideElementsInCurrentOnly>false</hideElementsInCurrentOnly>
<bounds x="180" y="481" width="129" height="42"/>
</OView>
<OView class="oracle.dbtools.crest.swingui.logical.TVEntity" oid="4BEF3BB0-AF46-99E8-43C1-30F793469F9B" otype="Entity" vid="D59D54D0-FDE8-7D15-E16D-18882F04CEE8">
<hideElementsInCurrentOnly>false</hideElementsInCurrentOnly>
<bounds x="591" y="296" width="129" height="54"/>
</OView>
<OView class="oracle.dbtools.crest.swingui.logical.TVEntity" oid="74B24F6A-0862-F114-28F8-B0F0123AEA39" otype="Entity" vid="8DFD8414-C33D-BDCC-F5D9-2A4A010506A3">
<hideElementsInCurrentOnly>false</hideElementsInCurrentOnly>
<bounds x="125" y="285" width="112" height="54"/>
</OView>
<OView class="oracle.dbtools.crest.swingui.logical.TVEntity" oid="9445B543-0760-0E16-328B-CC631EF2ECBF" otype="Entity" vid="7DC49B89-2406-0E67-D904-0D74CFBBB0A8">
<hideElementsInCurrentOnly>false</hideElementsInCurrentOnly>
<bounds x="28" y="409" width="329" height="126"/>
</OView>
<OView class="oracle.dbtools.crest.swingui.logical.TVEntity" oid="9F59E391-8D25-D428-326A-EFC1661EA31A" otype="Entity" vid="5E941BF5-C3D7-7CD2-D1F3-4929D1715014">
<hideElementsInCurrentOnly>false</hideElementsInCurrentOnly>
<bounds x="28" y="114" width="153" height="68"/>
</OView>
<OView class="oracle.dbtools.crest.swingui.logical.TVEntity" oid="A4A8A564-0D15-02B3-1561-860CA47F1C2F" otype="Entity" vid="C377877E-07C2-47D5-6344-4FF9A32C1F2A">
<hideElementsInCurrentOnly>false</hideElementsInCurrentOnly>
<bounds x="405" y="425" width="129" height="96"/>
</OView>
<OView class="oracle.dbtools.crest.swingui.logical.TVEntity" oid="C3CF6D9D-4685-3458-71C8-4BAB1C7B1738" otype="Entity" vid="BB8915CD-E438-3AB8-8D70-0CD15C536007">
<hideElementsInCurrentOnly>false</hideElementsInCurrentOnly>
<bounds x="639" y="82" width="144" height="124"/>
</OView>
<OView class="oracle.dbtools.crest.swingui.logical.TVEntity" oid="E1B1426D-AEB0-F82E-4260-753A746C3D62" otype="Entity" vid="0FC26836-2646-3E07-B668-11A706083868">
<hideElementsInCurrentOnly>false</hideElementsInCurrentOnly>
<bounds x="403" y="60" width="132" height="70"/>
</OView>
</objectViews>
<connectors>
<Connector class="oracle.dbtools.crest.swingui.logical.TVRelation" oid="09FC4DBE-9BD6-AC71-C855-5969347045EA" otype="Relation" vid_source="5E941BF5-C3D7-7CD2-D1F3-4929D1715014" vid_target="F7C48C91-87C1-74EF-CFE4-A3A61AB2D64A">
<hideElementsInCurrentOnly>false</hideElementsInCurrentOnly>
<backgroundColor>-16777216</backgroundColor>
<lineWidth>1</lineWidth>
<points>
<point x="172" y="182"/>
<point x="341" y="267"/>
</points>
</Connector>
<Connector class="oracle.dbtools.crest.swingui.logical.TVRelation" oid="1353FC36-39C1-5A2F-D401-C23370FFD3D8" otype="Relation" vid_source="8DFD8414-C33D-BDCC-F5D9-2A4A010506A3" vid_target="AFD288A0-9CEC-05C6-D6C0-BD5771D1CAA9">
<hideElementsInCurrentOnly>false</hideElementsInCurrentOnly>
<backgroundColor>-16777216</backgroundColor>
<lineWidth>1</lineWidth>
<points>
<point x="213" y="285"/>
<point x="322" y="194"/>
</points>
</Connector>
<Connector class="oracle.dbtools.crest.swingui.logical.TVRelation" oid="22D676BD-B17D-8235-E377-F3902EBD0BC6" otype="Relation" vid_source="7DC49B89-2406-0E67-D904-0D74CFBBB0A8" vid_target="F7C48C91-87C1-74EF-CFE4-A3A61AB2D64A">
<hideElementsInCurrentOnly>false</hideElementsInCurrentOnly>
<backgroundColor>-16777216</backgroundColor>
<lineWidth>1</lineWidth>
<points>
<point x="349" y="409"/>
<point x="349" y="346"/>
</points>
</Connector>
<Connector class="oracle.dbtools.crest.swingui.logical.TVInheritanceRelation" oid="2AEEDA97-5C2F-7880-40EB-582B03458B26" otype="Hierarchy relation" vid_source="7DC49B89-2406-0E67-D904-0D74CFBBB0A8" vid_target="BC041EEF-8FE6-35D1-3A81-A72CCDFA1A23">
<hideElementsInCurrentOnly>false</hideElementsInCurrentOnly>
<backgroundColor>-65536</backgroundColor>
<lineWidth>1</lineWidth>
</Connector>
<Connector class="oracle.dbtools.crest.swingui.logical.TVRelation" oid="514E6649-C271-6861-884D-315F1195B48D" otype="Relation" vid_source="C377877E-07C2-47D5-6344-4FF9A32C1F2A" vid_target="D59D54D0-FDE8-7D15-E16D-18882F04CEE8">
<hideElementsInCurrentOnly>false</hideElementsInCurrentOnly>
<backgroundColor>-16777216</backgroundColor>
<lineWidth>1</lineWidth>
<points>
<point x="529" y="425"/>
<point x="622" y="350"/>
</points>
</Connector>
<Connector class="oracle.dbtools.crest.swingui.logical.TVRelation" oid="5C3886AB-E87A-7D95-F1B2-7C9371A75484" otype="Relation" vid_source="BB8915CD-E438-3AB8-8D70-0CD15C536007" vid_target="AFD288A0-9CEC-05C6-D6C0-BD5771D1CAA9">
<hideElementsInCurrentOnly>false</hideElementsInCurrentOnly>
<backgroundColor>-16777216</backgroundColor>
<lineWidth>1</lineWidth>
<points>
<point x="639" y="138"/>
<point x="554" y="138"/>
</points>
</Connector>
<Connector class="oracle.dbtools.crest.swingui.logical.TVRelation" oid="627049A5-E5ED-48F6-D18D-4CC8A93F2A28" otype="Relation" vid_source="F7C48C91-87C1-74EF-CFE4-A3A61AB2D64A" vid_target="D59D54D0-FDE8-7D15-E16D-18882F04CEE8">
<hideElementsInCurrentOnly>false</hideElementsInCurrentOnly>
<backgroundColor>-16777216</backgroundColor>
<lineWidth>1</lineWidth>
<points>
<point x="492" y="321"/>
<point x="591" y="321"/>
</points>
</Connector>
<Connector class="oracle.dbtools.crest.swingui.logical.TVInheritanceRelation" oid="6382E24C-C3F5-463A-EBDA-889AC765A9F1" otype="Hierarchy relation" vid_source="7DC49B89-2406-0E67-D904-0D74CFBBB0A8" vid_target="B6323DE8-3AB1-2BEF-97AD-16B798246894">
<hideElementsInCurrentOnly>false</hideElementsInCurrentOnly>
<backgroundColor>-65536</backgroundColor>
<lineWidth>1</lineWidth>
</Connector>
<Connector class="oracle.dbtools.crest.swingui.logical.TVInheritanceRelation" oid="726C0403-48AE-53E5-AD31-F1FCCE0CD5AD" otype="Hierarchy relation" vid_source="AFD288A0-9CEC-05C6-D6C0-BD5771D1CAA9" vid_target="31DC3D1B-9A55-9CB5-0E44-9FD8448AA8F9">
<hideElementsInCurrentOnly>false</hideElementsInCurrentOnly>
<backgroundColor>-65536</backgroundColor>
<lineWidth>1</lineWidth>
</Connector>
<Connector class="oracle.dbtools.crest.swingui.logical.TVRelation" oid="787908F1-271D-F7E4-E496-B41E16664F5A" otype="Relation" vid_source="5E941BF5-C3D7-7CD2-D1F3-4929D1715014" vid_target="AFD288A0-9CEC-05C6-D6C0-BD5771D1CAA9">
<hideElementsInCurrentOnly>false</hideElementsInCurrentOnly>
<backgroundColor>-16777216</backgroundColor>
<lineWidth>1</lineWidth>
<points>
<point x="181" y="148"/>
<point x="277" y="148"/>
</points>
</Connector>
<Connector class="oracle.dbtools.crest.swingui.logical.TVRelation" oid="8D7ABDBF-EE87-70FC-A186-A58D833655D2" otype="Relation" vid_source="BB8915CD-E438-3AB8-8D70-0CD15C536007" vid_target="F7C48C91-87C1-74EF-CFE4-A3A61AB2D64A">
<hideElementsInCurrentOnly>false</hideElementsInCurrentOnly>
<backgroundColor>-16777216</backgroundColor>
<lineWidth>1</lineWidth>
<points>
<point x="639" y="183"/>
<point x="491" y="264"/>
</points>
</Connector>
<Connector class="oracle.dbtools.crest.swingui.logical.TVInheritanceRelation" oid="9E5E2347-E17F-5525-0883-8B45340B824D" otype="Hierarchy relation" vid_source="AFD288A0-9CEC-05C6-D6C0-BD5771D1CAA9" vid_target="0FC26836-2646-3E07-B668-11A706083868">
<hideElementsInCurrentOnly>false</hideElementsInCurrentOnly>
<backgroundColor>-65536</backgroundColor>
<lineWidth>1</lineWidth>
</Connector>
</connectors>
</Display>
</displays>
</Diagram>