<?xml version = '1.0' encoding = 'UTF-8'?>
<Table class="oracle.dbtools.crest.model.design.relational.Table" directorySegmentName="seg_0" id="49E8DEA7-4ED1-6E00-36FE-54F621E924C4" name="Postulacion_idioma">
<createdBy>lianl</createdBy>
<createdTime>2026-01-31 22:04:52 UTC</createdTime>
<generatorID>1330B840-5C1A-1788-057B-3CB5EBB83D11</generatorID>
<ownerDesignName>sumativa</ownerDesignName>
<allowColumnReorder>false</allowColumnReorder>
<existDependencyGenerateInDDl>true</existDependencyGenerateInDDl>
<parsed>true</parsed>
<columns itemClass="oracle.dbtools.crest.model.design.relational.Column">
<Column name="id_postulacion_idioma" id="811EDF88-A06E-B0C0-7EF8-19BC31F485AB">
<createdBy>lianl</createdBy>
<createdTime>2026-01-31 22:04:52 UTC</createdTime>
<generatorID>462ECFF2-2066-6700-1103-A909A06CC516</generatorID>
<ownerDesignName>sumativa</ownerDesignName>
<useDomainConstraints>false</useDomainConstraints>
<use>1</use>
<logicalDatatype>LOGDT019</logicalDatatype>
<ownDataTypeParameters>,,</ownDataTypeParameters>
<autoIncrementCycle>false</autoIncrementCycle>
</Column>
<Column name="nivel_dominio" id="DC077CD8-6273-7F46-A165-023D4ED467CB">
<createdBy>lianl</createdBy>
<createdTime>2026-01-31 22:04:52 UTC</createdTime>
<generatorID>B6528953-DD69-FCB3-BC37-93303759AC1D</generatorID>
<ownerDesignName>sumativa</ownerDesignName>
<useDomainConstraints>false</useDomainConstraints>
<use>1</use>
<logicalDatatype>LOGDT024</logicalDatatype>
<dataTypeSize>20</dataTypeSize>
<ownDataTypeParameters>20,,</ownDataTypeParameters>
<autoIncrementCycle>false</autoIncrementCycle>
</Column>
<Column name="Idioma_id_idioma" id="021072AE-B61C-45B1-D58B-7A2474EA9886">
<createdBy>lianl</createdBy>
<createdTime>2026-01-31 22:04:52 UTC</createdTime>
<generatorID>8D874246-9228-825B-BA33-B2249D34921C</generatorID>
<ownerDesignName>sumativa</ownerDesignName>
<useDomainConstraints>false</useDomainConstraints>
<use>1</use>
<logicalDatatype>LOGDT019</logicalDatatype>
<dataTypePrecision>5</dataTypePrecision>
<ownDataTypeParameters>,,</ownDataTypeParameters>
<previousColumn>false</previousColumn>
<autoIncrementCycle>false</autoIncrementCycle>
<associations>
<colAssociation fkAssociation="89440E2F-D046-4C97-E6EA-1342DC56FF41" referredColumn="886F1D29-2B4F-CCFE-B2D1-361263096AEE"/>
</associations>
</Column>
<Column name="Postulacion_internacional_id_postulacion" id="7337EE34-17B5-DD7D-F771-C4982CFECA6F">
<createdBy>lianl</createdBy>
<createdTime>2026-01-31 22:04:52 UTC</createdTime>
<generatorID>2F3582CD-64BC-4AE8-5077-0489EF6294DB</generatorID>
<ownerDesignName>sumativa</ownerDesignName>
<useDomainConstraints>false</useDomainConstraints>
<use>1</use>
<logicalDatatype>LOGDT019</logicalDatatype>
<dataTypePrecision>10</dataTypePrecision>
<ownDataTypeParameters>,,</ownDataTypeParameters>
<previousColumn>false</previousColumn>
<autoIncrementCycle>false</autoIncrementCycle>
<associations>
<colAssociation fkAssociation="502A5426-E5A6-0454-9FF4-5747600C0C9C" referredColumn="F0B97AC8-B396-20F9-108E-348A198B6072"/>
</associations>
</Column>
</columns>
<indexes itemClass="oracle.dbtools.crest.model.design.relational.Index">
<ind_PK_UK id="928D0C66-F7D2-41F3-AE14-1C53E7914523" name="Postulacion_idioma_PK">
<createdBy>lianl</createdBy>
<createdTime>2026-01-31 22:04:52 UTC</createdTime>
<generatorID>FDC5F2D0-82B4-299A-160F-936C31E8E488</generatorID>
<ownerDesignName>sumativa</ownerDesignName>
<pk>true</pk>
<indexState>Primary Constraint</indexState>
<isSurrogateKey>false</isSurrogateKey>
<indexColumnUsage>
<colUsage columnID="811EDF88-A06E-B0C0-7EF8-19BC31F485AB"/>
</indexColumnUsage>
</ind_PK_UK>
<ind_PK_UK id="8B2C6125-C6D4-01B9-B10B-415A03D3DED7" name="Postulacion_idioma_Postulacion_internacional_FK">
<createdBy>lianl</createdBy>
<createdTime>2026-01-31 22:04:52 UTC</createdTime>
<generatorID>E4843F86-54D7-7CE0-D4AD-283A69D8124E</generatorID>
<ownerDesignName>sumativa</ownerDesignName>
<indexState>Foreign Key</indexState>
<isSurrogateKey>false</isSurrogateKey>
<indexColumnUsage>
<colUsage columnID="7337EE34-17B5-DD7D-F771-C4982CFECA6F"/>
</indexColumnUsage>
</ind_PK_UK>
<ind_PK_UK id="B80514E1-00D5-22A6-C8EF-F594E2BE4392" name="Postulacion_idioma_Idioma_FK">
<createdBy>lianl</createdBy>
<createdTime>2026-01-31 22:04:52 UTC</createdTime>
<generatorID>DBE87E0B-8937-7E99-DD06-4E19E4730366</generatorID>
<ownerDesignName>sumativa</ownerDesignName>
<indexState>Foreign Key</indexState>
<isSurrogateKey>false</isSurrogateKey>
<indexColumnUsage>
<colUsage columnID="021072AE-B61C-45B1-D58B-7A2474EA9886"/>
</indexColumnUsage>
</ind_PK_UK>
</indexes>
</Table>