<?xml version = '1.0' encoding = 'UTF-8'?>
<Table class="oracle.dbtools.crest.model.design.relational.Table" directorySegmentName="seg_0" id="B43D5346-43D5-7AEF-B86F-623141C21F59" name="Postulante">
<createdBy>lianl</createdBy>
<createdTime>2026-01-31 22:04:52 UTC</createdTime>
<generatorID>AD6A29B3-2724-432E-533B-E6FBB07F5F88</generatorID>
<ownerDesignName>sumativa</ownerDesignName>
<allowColumnReorder>false</allowColumnReorder>
<existDependencyGenerateInDDl>true</existDependencyGenerateInDDl>
<parsed>true</parsed>
<columns itemClass="oracle.dbtools.crest.model.design.relational.Column">
<Column name="id_postulante" id="B4E53F89-A59E-6373-D9B2-132C391F57DD">
<createdBy>lianl</createdBy>
<createdTime>2026-01-31 22:04:52 UTC</createdTime>
<generatorID>19D7B650-EA8C-5267-7B06-0D7EE32A8346</generatorID>
<ownerDesignName>sumativa</ownerDesignName>
<useDomainConstraints>false</useDomainConstraints>
<use>1</use>
<logicalDatatype>LOGDT019</logicalDatatype>
<dataTypePrecision>10</dataTypePrecision>
<ownDataTypeParameters>,10,</ownDataTypeParameters>
<autoIncrementCycle>false</autoIncrementCycle>
</Column>
<Column name="nombres" id="7E0D8A02-BE3C-33FD-94D3-02F4EA6C3255">
<createdBy>lianl</createdBy>
<createdTime>2026-01-31 22:04:52 UTC</createdTime>
<generatorID>89A9F3FC-077F-6B39-8486-05EB7D75E62A</generatorID>
<ownerDesignName>sumativa</ownerDesignName>
<useDomainConstraints>false</useDomainConstraints>
<use>1</use>
<logicalDatatype>LOGDT024</logicalDatatype>
<dataTypeSize>50</dataTypeSize>
<ownDataTypeParameters>50,,</ownDataTypeParameters>
<autoIncrementCycle>false</autoIncrementCycle>
</Column>
<Column name="apellidos" id="1C6FF7B5-1F30-6E84-D449-2BE51B2185E0">
<createdBy>lianl</createdBy>
<createdTime>2026-01-31 22:04:52 UTC</createdTime>
<generatorID>ABFA7524-F619-5E06-76CB-6FB69B99F40C</generatorID>
<ownerDesignName>sumativa</ownerDesignName>
<useDomainConstraints>false</useDomainConstraints>
<use>1</use>
<logicalDatatype>LOGDT024</logicalDatatype>
<dataTypeSize>50</dataTypeSize>
<ownDataTypeParameters>50,,</ownDataTypeParameters>
<autoIncrementCycle>false</autoIncrementCycle>
</Column>
<Column name="nacionalidad" id="434A4407-B382-5880-1402-5318EB8536A5">
<createdBy>lianl</createdBy>
<createdTime>2026-01-31 22:04:52 UTC</createdTime>
<generatorID>691C0CBD-51F7-7741-C814-15304CAA2F19</generatorID>
<ownerDesignName>sumativa</ownerDesignName>
<useDomainConstraints>false</useDomainConstraints>
<use>1</use>
<logicalDatatype>LOGDT024</logicalDatatype>
<dataTypeSize>30</dataTypeSize>
<ownDataTypeParameters>30,,</ownDataTypeParameters>
<autoIncrementCycle>false</autoIncrementCycle>
</Column>
<Column name="reside_chile" id="D51AD426-EC5E-ADC7-D995-82B8F2E3180E">
<createdBy>lianl</createdBy>
<createdTime>2026-01-31 22:04:52 UTC</createdTime>
<generatorID>D5908194-5611-EA70-E09A-B1B4C6C6D91A</generatorID>
<notes><![CDATA[S / N]]></notes>
<ownerDesignName>sumativa</ownerDesignName>
<useDomainConstraints>false</useDomainConstraints>
<use>1</use>
<logicalDatatype>LOGDT025</logicalDatatype>
<dataTypeSize>1</dataTypeSize>
<ownDataTypeParameters>1,,</ownDataTypeParameters>
<autoIncrementCycle>false</autoIncrementCycle>
</Column>
<Column name="rut" id="21E80326-5C0D-53E2-A49C-10F672308C64">
<createdBy>lianl</createdBy>
<createdTime>2026-01-31 22:04:52 UTC</createdTime>
<generatorID>BEA0B766-6A42-ECBE-4B87-AFD27438976E</generatorID>
<ownerDesignName>sumativa</ownerDesignName>
<nullsAllowed>true</nullsAllowed>
<useDomainConstraints>false</useDomainConstraints>
<use>1</use>
<logicalDatatype>LOGDT019</logicalDatatype>
<dataTypePrecision>8</dataTypePrecision>
<ownDataTypeParameters>,8,</ownDataTypeParameters>
<autoIncrementCycle>false</autoIncrementCycle>
</Column>
<Column name="dv_rut" id="2EA126BE-704F-C20C-7A72-48FC02458181">
<createdBy>lianl</createdBy>
<createdTime>2026-01-31 22:04:52 UTC</createdTime>
<generatorID>DEC43F25-C787-FF74-D756-604E4A99AE20</generatorID>
<ownerDesignName>sumativa</ownerDesignName>
<nullsAllowed>true</nullsAllowed>
<useDomainConstraints>false</useDomainConstraints>
<use>1</use>
<logicalDatatype>LOGDT025</logicalDatatype>
<dataTypeSize>1</dataTypeSize>
<ownDataTypeParameters>1,,</ownDataTypeParameters>
<autoIncrementCycle>false</autoIncrementCycle>
</Column>
<Column name="grado_academico" id="6EBD7156-AC0B-3847-458E-8C98B133C93D">
<createdBy>lianl</createdBy>
<createdTime>2026-01-31 22:04:52 UTC</createdTime>
<generatorID>E49BAE0B-F0C3-5FCA-9973-6ACBE557CDE1</generatorID>
<ownerDesignName>sumativa</ownerDesignName>
<useDomainConstraints>false</useDomainConstraints>
<use>1</use>
<logicalDatatype>LOGDT024</logicalDatatype>
<dataTypeSize>15</dataTypeSize>
<ownDataTypeParameters>15,,</ownDataTypeParameters>
<autoIncrementCycle>false</autoIncrementCycle>
</Column>
<Column name="sitio_web" id="FAB7700A-35DD-3A11-87F7-1BDE207EE2FD">
<createdBy>lianl</createdBy>
<createdTime>2026-01-31 22:04:52 UTC</createdTime>
<generatorID>F3A9D2C3-8423-75D2-B725-DAE12A97F7BD</generatorID>
<ownerDesignName>sumativa</ownerDesignName>
<nullsAllowed>true</nullsAllowed>
<useDomainConstraints>false</useDomainConstraints>
<use>1</use>
<logicalDatatype>LOGDT024</logicalDatatype>
<dataTypeSize>150</dataTypeSize>
<ownDataTypeParameters>150,,</ownDataTypeParameters>
<autoIncrementCycle>false</autoIncrementCycle>
</Column>
<Column name="fecha_nacimiento" id="E7A3F465-707B-E7FC-138F-59422E63A79D">
<createdBy>lianl</createdBy>
<createdTime>2026-01-31 22:04:52 UTC</createdTime>
<generatorID>4A8FB138-88EC-AE79-E154-9AB4381D5E14</generatorID>
<ownerDesignName>sumativa</ownerDesignName>
<useDomainConstraints>false</useDomainConstraints>
<use>1</use>
<logicalDatatype>LOGDT007</logicalDatatype>
<ownDataTypeParameters>,,</ownDataTypeParameters>
<autoIncrementCycle>false</autoIncrementCycle>
</Column>
<Column name="email" id="62FBD0D8-2DCE-588F-662B-A359C4E87F67">
<createdBy>lianl</createdBy>
<createdTime>2026-01-31 22:04:52 UTC</createdTime>
<generatorID>9F583052-1F68-B540-F885-54178E5A7A48</generatorID>
<ownerDesignName>sumativa</ownerDesignName>
<useDomainConstraints>false</useDomainConstraints>
<use>1</use>
<logicalDatatype>LOGDT024</logicalDatatype>
<dataTypeSize>150</dataTypeSize>
<ownDataTypeParameters>150,,</ownDataTypeParameters>
<autoIncrementCycle>false</autoIncrementCycle>
</Column>
<Column name="estado_civil" id="7E432867-E69C-A5D0-23D5-8EABCA2BCF95">
<createdBy>lianl</createdBy>
<createdTime>2026-01-31 22:04:52 UTC</createdTime>
<generatorID>616E433B-2B6E-2289-7271-9D71DBF1E115</generatorID>
<ownerDesignName>sumativa</ownerDesignName>
<useDomainConstraints>false</useDomainConstraints>
<use>1</use>
<logicalDatatype>LOGDT024</logicalDatatype>
<dataTypeSize>15</dataTypeSize>
<ownDataTypeParameters>15,,</ownDataTypeParameters>
<autoIncrementCycle>false</autoIncrementCycle>
</Column>
<Column name="Postulacion_id_postulacion" id="8FC13C1D-1B87-B706-FA4B-BD1A26BC12A2">
<createdBy>lianl</createdBy>
<createdTime>2026-01-31 22:04:52 UTC</createdTime>
<generatorID>D47716D1-F2F0-E04B-B6D2-E2314FD20114</generatorID>
<ownerDesignName>sumativa</ownerDesignName>
<useDomainConstraints>false</useDomainConstraints>
<use>1</use>
<logicalDatatype>LOGDT019</logicalDatatype>
<dataTypePrecision>10</dataTypePrecision>
<ownDataTypeParameters>,,</ownDataTypeParameters>
<previousColumn>false</previousColumn>
<autoIncrementCycle>false</autoIncrementCycle>
<associations>
<colAssociation fkAssociation="EDC3C38A-F031-A466-C70F-4BD7763E01F6" referredColumn="A805A5BE-2B8C-6F0E-5E0C-41869AA3C04E"/>
</associations>
</Column>
</columns>
<indexes itemClass="oracle.dbtools.crest.model.design.relational.Index">
<ind_PK_UK id="468F548A-0317-BB37-FC50-DD5FC8B70BEB" name="Postulante_PK">
<createdBy>lianl</createdBy>
<createdTime>2026-01-31 22:04:52 UTC</createdTime>
<generatorID>A82B3292-4183-A5FA-5F75-67FAA0210CA5</generatorID>
<ownerDesignName>sumativa</ownerDesignName>
<pk>true</pk>
<indexState>Primary Constraint</indexState>
<isSurrogateKey>false</isSurrogateKey>
<indexColumnUsage>
<colUsage columnID="B4E53F89-A59E-6373-D9B2-132C391F57DD"/>
</indexColumnUsage>
</ind_PK_UK>
<ind_PK_UK id="1C495BCF-CD23-B8EE-D6DD-5CE6361AA883" name="Postulante_sitio_web_UN">
<createdBy>lianl</createdBy>
<createdTime>2026-01-31 22:04:52 UTC</createdTime>
<generatorID>853F321E-9FC4-1984-303D-D5A9DF12B4B6</generatorID>
<ownerDesignName>sumativa</ownerDesignName>
<indexState>Unique Constraint</indexState>
<isSurrogateKey>false</isSurrogateKey>
<indexColumnUsage>
<colUsage columnID="FAB7700A-35DD-3A11-87F7-1BDE207EE2FD"/>
</indexColumnUsage>
</ind_PK_UK>
<ind_PK_UK id="799FA300-3418-46CC-9422-E9CC6A4ECF42" name="Postulante_rut_UN">
<createdBy>lianl</createdBy>
<createdTime>2026-01-31 22:04:52 UTC</createdTime>
<generatorID>6447A9A8-A335-4A39-6E79-5C7FB777F98F</generatorID>
<ownerDesignName>sumativa</ownerDesignName>
<indexState>Unique Constraint</indexState>
<isSurrogateKey>false</isSurrogateKey>
<indexColumnUsage>
<colUsage columnID="21E80326-5C0D-53E2-A49C-10F672308C64"/>
</indexColumnUsage>
</ind_PK_UK>
<ind_PK_UK id="856B72EC-1C21-C6E3-D5B4-9BD81AC5A07E" name="Postulante__IDX">
<createdBy>lianl</createdBy>
<createdTime>2026-01-31 22:04:52 UTC</createdTime>
<ownerDesignName>sumativa</ownerDesignName>
<indexState>Unique Plain Index</indexState>
<isSurrogateKey>false</isSurrogateKey>
<relationGeneratorID>77925378-9856-10DC-2413-4A69D5517495</relationGeneratorID>
<indexColumnUsage>
<colUsage columnID="8FC13C1D-1B87-B706-FA4B-BD1A26BC12A2"/>
</indexColumnUsage>
</ind_PK_UK>
<ind_PK_UK id="37845804-8B97-72E9-1D58-A51C0D906AAE" name="Postulante_Postulacion_FK">
<createdBy>lianl</createdBy>
<createdTime>2026-01-31 22:04:52 UTC</createdTime>
<generatorID>77925378-9856-10DC-2413-4A69D5517495</generatorID>
<ownerDesignName>sumativa</ownerDesignName>
<indexState>Foreign Key</indexState>
<isSurrogateKey>false</isSurrogateKey>
<indexColumnUsage>
<colUsage columnID="8FC13C1D-1B87-B706-FA4B-BD1A26BC12A2"/>
</indexColumnUsage>
</ind_PK_UK>
</indexes>
</Table>