<?xml version = '1.0' encoding = 'UTF-8'?>
<Diagram class="oracle.dbtools.crest.swingui.logical.DPVLogical" name="Logical" id="2F11C1F2-C127-D8C1-51FF-2E3C63E867A0">
<createdBy>lianl</createdBy>
<modifiedBy>lianl</modifiedBy>
<createdTime>2026-01-31 20:41:50 UTC</createdTime>
<autoRoute>false</autoRoute>
<boxInbox>true</boxInbox>
<showLegend>false</showLegend>
<showLabels>false</showLabels>
<showRelAttributes>true</showRelAttributes>
<gridEnabled>false</gridEnabled>
<showGrid>false</showGrid>
<diagramColor>-1</diagramColor>
<display>false</display>
<notation>1</notation>
<objectViews>
<OView class="oracle.dbtools.crest.swingui.logical.TVEntity" oid="063B2AFD-C1E5-8206-1EFE-15F9E7CD6D18" otype="Entity" vid="2B8567FB-BB80-6C22-7CEE-438B4E837566">
<hideElementsInCurrentOnly>false</hideElementsInCurrentOnly>
<bounds x="641" y="424" width="167" height="124"/>
</OView>
<OView class="oracle.dbtools.crest.swingui.logical.TVEntity" oid="1330B840-5C1A-1788-057B-3CB5EBB83D11" otype="Entity" vid="E2C71CB6-CF3B-23F6-6CAF-34AFFB9C3A96">
<hideElementsInCurrentOnly>false</hideElementsInCurrentOnly>
<bounds x="980" y="274" width="170" height="110"/>
</OView>
<OView class="oracle.dbtools.crest.swingui.logical.TVEntity" oid="1C10AAEF-970F-6E57-51C2-A745ABD5A397" otype="Entity" vid="159A4927-BD7E-C69C-0CF1-6B763B3A7737">
<hideElementsInCurrentOnly>false</hideElementsInCurrentOnly>
<bounds x="1048" y="444" width="165" height="70"/>
</OView>
<OView class="oracle.dbtools.crest.swingui.logical.TVEntity" oid="411C6D6B-6EB3-59B0-07AF-09E8ABC0860E" otype="Entity" vid="79EFE7CC-1E82-9DAA-AE79-CA9B86A6FE59">
<hideElementsInCurrentOnly>false</hideElementsInCurrentOnly>
<bounds x="429" y="622" width="170" height="110"/>
</OView>
<OView class="oracle.dbtools.crest.swingui.logical.TVEntity" oid="45AE772C-5FF6-54D2-C789-82ED020DC5BD" otype="Entity" vid="53D83A01-644E-062B-7EF1-0E1F0B38F6AE">
<hideElementsInCurrentOnly>false</hideElementsInCurrentOnly>
<bounds x="991" y="104" width="170" height="110"/>
</OView>
<OView class="oracle.dbtools.crest.swingui.logical.TVEntity" oid="AC2073B1-5685-CEBF-BEA3-18B50EEC6C2B" otype="Entity" vid="60E53525-BC53-C2ED-28FE-34DEAFB1F462">
<hideElementsInCurrentOnly>false</hideElementsInCurrentOnly>
<bounds x="1046" y="524" width="143" height="42"/>
</OView>
<OView class="oracle.dbtools.crest.swingui.logical.TVEntity" oid="AD6A29B3-2724-432E-533B-E6FBB07F5F88" otype="Entity" vid="863CF469-56DE-4182-8176-EAF7CAA037B4">
<hideElementsInCurrentOnly>false</hideElementsInCurrentOnly>
<bounds x="974" y="631" width="144" height="194"/>
</OView>
<OView class="oracle.dbtools.crest.swingui.logical.TVEntity" oid="C081E7FA-7C0A-895A-D43F-5993BC942338" otype="Entity" vid="21AEAC6D-9D8D-4C7A-391A-2EE5846E784A">
<hideElementsInCurrentOnly>false</hideElementsInCurrentOnly>
<bounds x="687" y="642" width="170" height="110"/>
</OView>
<OView class="oracle.dbtools.crest.swingui.logical.TVEntity" oid="E757A688-55CD-028A-0503-741E64DC897A" otype="Entity" vid="67288EDD-70AB-DD7A-5604-255942167900">
<hideElementsInCurrentOnly>false</hideElementsInCurrentOnly>
<bounds x="901" y="424" width="322" height="154"/>
</OView>
</objectViews>
<connectors>
<Connector class="oracle.dbtools.crest.swingui.logical.TVInheritanceRelation" oid="32AA017D-0674-B752-EB00-E19E167669C4" otype="Hierarchy relation" vid_source="67288EDD-70AB-DD7A-5604-255942167900" vid_target="159A4927-BD7E-C69C-0CF1-6B763B3A7737">
<hideElementsInCurrentOnly>false</hideElementsInCurrentOnly>
<backgroundColor>-65536</backgroundColor>
<lineWidth>1</lineWidth>
</Connector>
<Connector class="oracle.dbtools.crest.swingui.logical.TVInheritanceRelation" oid="773A8BE2-9AAB-CC99-B669-1FCF08F803B2" otype="Hierarchy relation" vid_source="67288EDD-70AB-DD7A-5604-255942167900" vid_target="60E53525-BC53-C2ED-28FE-34DEAFB1F462">
<hideElementsInCurrentOnly>false</hideElementsInCurrentOnly>
<backgroundColor>-65536</backgroundColor>
<lineWidth>1</lineWidth>
</Connector>
<Connector class="oracle.dbtools.crest.swingui.logical.TVRelation" oid="77925378-9856-10DC-2413-4A69D5517495" otype="Relation" vid_source="863CF469-56DE-4182-8176-EAF7CAA037B4" vid_target="67288EDD-70AB-DD7A-5604-255942167900">
<hideElementsInCurrentOnly>false</hideElementsInCurrentOnly>
<backgroundColor>-16777216</backgroundColor>
<lineWidth>1</lineWidth>
<points>
<point x="1061" y="631"/>
<point x="1061" y="578"/>
</points>
</Connector>
<Connector class="oracle.dbtools.crest.swingui.logical.TVRelation" oid="82B4CCB9-81D6-319F-11E9-C76889035F67" otype="Relation" vid_source="79EFE7CC-1E82-9DAA-AE79-CA9B86A6FE59" vid_target="21AEAC6D-9D8D-4C7A-391A-2EE5846E784A">
<hideElementsInCurrentOnly>false</hideElementsInCurrentOnly>
<backgroundColor>-16777216</backgroundColor>
<lineWidth>1</lineWidth>
<points>
<point x="599" y="687"/>
<point x="687" y="687"/>
</points>
</Connector>
<Connector class="oracle.dbtools.crest.swingui.logical.TVRelation" oid="B4462D60-BB06-92B4-6DBA-AE06F57EEA29" otype="Relation" vid_source="863CF469-56DE-4182-8176-EAF7CAA037B4" vid_target="21AEAC6D-9D8D-4C7A-391A-2EE5846E784A">
<hideElementsInCurrentOnly>false</hideElementsInCurrentOnly>
<backgroundColor>-16777216</backgroundColor>
<lineWidth>1</lineWidth>
<points>
<point x="974" y="697"/>
<point x="857" y="697"/>
</points>
</Connector>
<Connector class="oracle.dbtools.crest.swingui.logical.TVRelation" oid="DBE87E0B-8937-7E99-DD06-4E19E4730366" otype="Relation" vid_source="53D83A01-644E-062B-7EF1-0E1F0B38F6AE" vid_target="E2C71CB6-CF3B-23F6-6CAF-34AFFB9C3A96">
<hideElementsInCurrentOnly>false</hideElementsInCurrentOnly>
<backgroundColor>-16777216</backgroundColor>
<lineWidth>1</lineWidth>
<points>
<point x="1070" y="214"/>
<point x="1070" y="274"/>
</points>
</Connector>
<Connector class="oracle.dbtools.crest.swingui.logical.TVRelation" oid="E4843F86-54D7-7CE0-D4AD-283A69D8124E" otype="Relation" vid_source="159A4927-BD7E-C69C-0CF1-6B763B3A7737" vid_target="E2C71CB6-CF3B-23F6-6CAF-34AFFB9C3A96">
<hideElementsInCurrentOnly>false</hideElementsInCurrentOnly>
<backgroundColor>-16777216</backgroundColor>
<lineWidth>1</lineWidth>
<points>
<point x="1099" y="444"/>
<point x="1099" y="384"/>
</points>
</Connector>
<Connector class="oracle.dbtools.crest.swingui.logical.TVRelation" oid="FBE33EAD-C890-F348-78E8-866C0BC6FC14" otype="Relation" vid_source="2B8567FB-BB80-6C22-7CEE-438B4E837566" vid_target="67288EDD-70AB-DD7A-5604-255942167900">
<hideElementsInCurrentOnly>false</hideElementsInCurrentOnly>
<backgroundColor>-16777216</backgroundColor>
<lineWidth>1</lineWidth>
<points>
<point x="808" y="486"/>
<point x="901" y="486"/>
</points>
</Connector>
</connectors>
</Diagram>