<?xml version = '1.0' encoding = 'UTF-8'?>
<Diagram class="oracle.dbtools.crest.swingui.relational.DPVRelational" name="Relational_1" id="53A811BF-4387-48AE-2015-8F8C5EB77BC8">
<createdBy>lianl</createdBy>
<modifiedBy>lianl</modifiedBy>
<createdTime>2026-01-24 22:11:10 UTC</createdTime>
<autoRoute>false</autoRoute>
<boxInbox>true</boxInbox>
<showLegend>false</showLegend>
<showLabels>false</showLabels>
<showRelAttributes>false</showRelAttributes>
<gridEnabled>false</gridEnabled>
<showGrid>false</showGrid>
<diagramColor>-1</diagramColor>
<display>false</display>
<notation>1</notation>
<objectViews>
<OView class="oracle.dbtools.crest.swingui.relational.TVTable" oid="0873E118-3199-2631-1A1A-724D979C8F95" otype="Table" vid="88C74514-9176-695B-BB1C-7A36888FBB3C">
<hideElementsInCurrentOnly>false</hideElementsInCurrentOnly>
<bounds x="537" y="420" width="230" height="116"/>
</OView>
<OView class="oracle.dbtools.crest.swingui.relational.TVTable" oid="0EC72DCB-B484-FD43-8A42-3969506F038B" otype="Table" vid="EF66539D-5B09-9ADB-9127-BC420ADC834A">
<hideElementsInCurrentOnly>false</hideElementsInCurrentOnly>
<bounds x="279" y="28" width="257" height="136"/>
</OView>
<OView class="oracle.dbtools.crest.swingui.relational.TVTable" oid="54FB8781-2551-BCDF-F060-30D9FDFF4395" otype="Table" vid="E82769FB-8C3A-BEC8-DCAD-DC08C94B572D">
<hideElementsInCurrentOnly>false</hideElementsInCurrentOnly>
<bounds x="669" y="42" width="263" height="108"/>
</OView>
<OView class="oracle.dbtools.crest.swingui.relational.TVTable" oid="550A1D1C-C6DD-C71D-62B8-B1FC224869E6" otype="Table" vid="D632A765-E6D6-019A-EEE5-10FED6FEAD18">
<hideElementsInCurrentOnly>false</hideElementsInCurrentOnly>
<bounds x="47" y="484" width="224" height="94"/>
</OView>
<OView class="oracle.dbtools.crest.swingui.relational.TVTable" oid="67306698-FF9B-F60A-C22C-4B8C8CCD7883" otype="Table" vid="0A2C4F85-1B42-F579-080F-36F39DF83342">
<hideElementsInCurrentOnly>false</hideElementsInCurrentOnly>
<bounds x="701" y="222" width="222" height="144"/>
</OView>
<OView class="oracle.dbtools.crest.swingui.relational.TVTable" oid="7026ED17-0054-E3F8-2078-F0D568DE2DBB" otype="Table" vid="AAC1F732-BC93-DDBF-EA6A-70345B07CF5E">
<hideElementsInCurrentOnly>false</hideElementsInCurrentOnly>
<bounds x="675" y="659" width="213" height="116"/>
</OView>
<OView class="oracle.dbtools.crest.swingui.relational.TVTable" oid="88BEE872-1E7B-3381-59FE-ECADAD8EE52B" otype="Table" vid="CE57CA06-1597-8C1A-EA4F-27D8787EA906">
<hideElementsInCurrentOnly>false</hideElementsInCurrentOnly>
<bounds x="27" y="286" width="196" height="74"/>
</OView>
<OView class="oracle.dbtools.crest.swingui.relational.TVTable" oid="B8445D4D-0FFF-6D04-2D6E-E838F4C85F57" otype="Table" vid="0F54EE09-FC5E-A09A-1AD4-AC4C0272CE42">
<hideElementsInCurrentOnly>false</hideElementsInCurrentOnly>
<bounds x="979" y="579" width="279" height="116"/>
</OView>
<OView class="oracle.dbtools.crest.swingui.relational.TVTable" oid="C31CF979-BDAC-1AB3-C944-8AE8C73A7D87" otype="Table" vid="7961E4CC-160D-2C71-1F95-0B22EFF83B53">
<hideElementsInCurrentOnly>false</hideElementsInCurrentOnly>
<bounds x="47" y="644" width="233" height="94"/>
</OView>
<OView class="oracle.dbtools.crest.swingui.relational.TVTable" oid="C81826E2-373E-B8AA-B3A0-106891706F47" otype="Table" vid="C420F81D-DE3F-FCDD-3365-448E0DB46853">
<hideElementsInCurrentOnly>false</hideElementsInCurrentOnly>
<bounds x="1061" y="260" width="273" height="192"/>
</OView>
<OView class="oracle.dbtools.crest.swingui.relational.TVTable" oid="C90163B0-63BE-5C0B-51A2-69969A6D061C" otype="Table" vid="22BD2727-60A8-9BDD-AB90-EEBFD46BBDEE">
<hideElementsInCurrentOnly>false</hideElementsInCurrentOnly>
<bounds x="325" y="201" width="282" height="192"/>
</OView>
<OView class="oracle.dbtools.crest.swingui.relational.TVTable" oid="D17301F0-0A01-6D27-D4C6-4C05E4C6323A" otype="Table" vid="A9E7E011-FF25-9CDF-F117-1165B08FA4CC">
<hideElementsInCurrentOnly>false</hideElementsInCurrentOnly>
<bounds x="374" y="665" width="237" height="88"/>
</OView>
</objectViews>
<connectors>
<Connector class="oracle.dbtools.crest.swingui.relational.TVFKRelation" oid="1B4E27AE-F4C9-1F6B-0C25-AF5DBD3AE68B" otype="FKIndexAssociation" vid_source="88C74514-9176-695B-BB1C-7A36888FBB3C" vid_target="D632A765-E6D6-019A-EEE5-10FED6FEAD18">
<hideElementsInCurrentOnly>false</hideElementsInCurrentOnly>
<backgroundColor>-16777216</backgroundColor>
<lineWidth>1</lineWidth>
<points>
<point x="537" y="510"/>
<point x="271" y="510"/>
</points>
</Connector>
<Connector class="oracle.dbtools.crest.swingui.relational.TVFKRelation" oid="2BF90442-B35C-DD6C-0D6B-6C24AA2C5CFB" otype="FKIndexAssociation" vid_source="0A2C4F85-1B42-F579-080F-36F39DF83342" vid_target="C420F81D-DE3F-FCDD-3365-448E0DB46853">
<hideElementsInCurrentOnly>false</hideElementsInCurrentOnly>
<backgroundColor>-16777216</backgroundColor>
<lineWidth>1</lineWidth>
<points>
<point x="923" y="313"/>
<point x="1061" y="313"/>
</points>
</Connector>
<Connector class="oracle.dbtools.crest.swingui.relational.TVFKRelation" oid="3DD14085-1833-D1BE-900B-02C399766621" otype="FKIndexAssociation" vid_source="A9E7E011-FF25-9CDF-F117-1165B08FA4CC" vid_target="C420F81D-DE3F-FCDD-3365-448E0DB46853">
<hideElementsInCurrentOnly>false</hideElementsInCurrentOnly>
<backgroundColor>-16777216</backgroundColor>
<lineWidth>1</lineWidth>
<points>
<point x="580" y="665"/>
<point x="1061" y="424"/>
</points>
</Connector>
<Connector class="oracle.dbtools.crest.swingui.relational.TVFKRelation" oid="42BEF0B6-2EEC-131A-CBC1-D9A600F0BE27" otype="FKIndexAssociation" vid_source="0A2C4F85-1B42-F579-080F-36F39DF83342" vid_target="22BD2727-60A8-9BDD-AB90-EEBFD46BBDEE">
<hideElementsInCurrentOnly>false</hideElementsInCurrentOnly>
<backgroundColor>-16777216</backgroundColor>
<lineWidth>1</lineWidth>
<points>
<point x="701" y="294"/>
<point x="607" y="294"/>
</points>
</Connector>
<Connector class="oracle.dbtools.crest.swingui.relational.TVFKRelation" oid="5EDB0B22-8E32-6095-8DC6-7EA8C66CF33F" otype="FKIndexAssociation" vid_source="C420F81D-DE3F-FCDD-3365-448E0DB46853" vid_target="0F54EE09-FC5E-A09A-1AD4-AC4C0272CE42">
<hideElementsInCurrentOnly>false</hideElementsInCurrentOnly>
<backgroundColor>-16777216</backgroundColor>
<lineWidth>1</lineWidth>
<points>
<point x="1159" y="452"/>
<point x="1159" y="579"/>
</points>
</Connector>
<Connector class="oracle.dbtools.crest.swingui.relational.TVFKRelation" oid="5FA1C31C-E79F-193C-F3E4-EE2DD20A7076" otype="FKIndexAssociation" vid_source="88C74514-9176-695B-BB1C-7A36888FBB3C" vid_target="C420F81D-DE3F-FCDD-3365-448E0DB46853">
<hideElementsInCurrentOnly>false</hideElementsInCurrentOnly>
<backgroundColor>-16777216</backgroundColor>
<lineWidth>1</lineWidth>
<points>
<point x="767" y="436"/>
<point x="1061" y="436"/>
</points>
</Connector>
<Connector class="oracle.dbtools.crest.swingui.relational.TVFKRelation" oid="6D545AF8-09B5-3895-F670-204CAE396500" otype="FKIndexAssociation" vid_source="AAC1F732-BC93-DDBF-EA6A-70345B07CF5E" vid_target="0F54EE09-FC5E-A09A-1AD4-AC4C0272CE42">
<hideElementsInCurrentOnly>false</hideElementsInCurrentOnly>
<backgroundColor>-16777216</backgroundColor>
<lineWidth>1</lineWidth>
<points>
<point x="888" y="677"/>
<point x="979" y="677"/>
</points>
</Connector>
<Connector class="oracle.dbtools.crest.swingui.relational.TVFKRelation" oid="80F2E87A-79AA-CDCE-1728-BEE60D0D85A1" otype="FKIndexAssociation" vid_source="88C74514-9176-695B-BB1C-7A36888FBB3C" vid_target="7961E4CC-160D-2C71-1F95-0B22EFF83B53">
<hideElementsInCurrentOnly>false</hideElementsInCurrentOnly>
<backgroundColor>-16777216</backgroundColor>
<lineWidth>1</lineWidth>
<points>
<point x="537" y="528"/>
<point x="271" y="644"/>
</points>
</Connector>
<Connector class="oracle.dbtools.crest.swingui.relational.TVFKRelation" oid="912CFFB5-C508-FFFC-3D95-8737F9E16091" otype="FKIndexAssociation" vid_source="A9E7E011-FF25-9CDF-F117-1165B08FA4CC" vid_target="22BD2727-60A8-9BDD-AB90-EEBFD46BBDEE">
<hideElementsInCurrentOnly>false</hideElementsInCurrentOnly>
<backgroundColor>-16777216</backgroundColor>
<lineWidth>1</lineWidth>
<points>
<point x="490" y="665"/>
<point x="490" y="393"/>
</points>
</Connector>
<Connector class="oracle.dbtools.crest.swingui.relational.TVFKRelation" oid="99AC2515-0FDF-36DE-A545-780D7DAF3FCB" otype="FKIndexAssociation" vid_source="22BD2727-60A8-9BDD-AB90-EEBFD46BBDEE" vid_target="EF66539D-5B09-9ADB-9127-BC420ADC834A">
<hideElementsInCurrentOnly>false</hideElementsInCurrentOnly>
<backgroundColor>-16777216</backgroundColor>
<lineWidth>1</lineWidth>
<points>
<point x="430" y="201"/>
<point x="430" y="164"/>
</points>
</Connector>
<Connector class="oracle.dbtools.crest.swingui.relational.TVFKRelation" oid="ACE9312E-94BA-449F-11B2-D02E6857A061" otype="FKIndexAssociation" vid_source="CE57CA06-1597-8C1A-EA4F-27D8787EA906" vid_target="22BD2727-60A8-9BDD-AB90-EEBFD46BBDEE">
<hideElementsInCurrentOnly>false</hideElementsInCurrentOnly>
<backgroundColor>-16777216</backgroundColor>
<lineWidth>1</lineWidth>
<points>
<point x="223" y="323"/>
<point x="325" y="323"/>
</points>
</Connector>
<Connector class="oracle.dbtools.crest.swingui.relational.TVFKRelation" oid="FFC6F5C2-BDE1-A460-A010-99B9859CF23B" otype="FKIndexAssociation" vid_source="22BD2727-60A8-9BDD-AB90-EEBFD46BBDEE" vid_target="E82769FB-8C3A-BEC8-DCAD-DC08C94B572D">
<hideElementsInCurrentOnly>false</hideElementsInCurrentOnly>
<backgroundColor>-16777216</backgroundColor>
<lineWidth>1</lineWidth>
<points>
<point x="607" y="212"/>
<point x="710" y="150"/>
</points>
</Connector>
</connectors>
<arcs>
<Arc class="oracle.dbtools.crest.swingui.relational.TVFKArc" oid="2A5A4CB5-6328-0780-332A-0C7FA3F2F107" otype="FKArc" vid="20F6956B-4F82-B172-AA02-7F2666EDA98F">
<hideElementsInCurrentOnly>false</hideElementsInCurrentOnly>
<bounds x="305" y="181" width="322" height="232"/>
</Arc>
<Arc class="oracle.dbtools.crest.swingui.relational.TVFKArc" oid="8905B6FD-CBDA-4AAA-1CF6-E4810955918D" otype="FKArc" vid="23CAC6D1-3838-2909-9AC2-C57B7247DBC8">
<hideElementsInCurrentOnly>false</hideElementsInCurrentOnly>
<bounds x="517" y="400" width="270" height="156"/>
</Arc>
</arcs>
<displays>
<Display class="oracle.dbtools.crest.swingui.relational.DPVRelational" name="Display_1" id="059B9D8A-5C67-B26A-EF78-902C34955388">
<createdBy>lianl</createdBy>
<modifiedBy>lianl</modifiedBy>
<createdTime>2026-01-24 22:11:36 UTC</createdTime>
<autoRoute>false</autoRoute>
<boxInbox>true</boxInbox>
<showLegend>false</showLegend>
<showLabels>false</showLabels>
<showRelAttributes>false</showRelAttributes>
<gridEnabled>false</gridEnabled>
<showGrid>false</showGrid>
<diagramColor>-1</diagramColor>
<display>true</display>
<notation>1</notation>
<objectViews>
<OView class="oracle.dbtools.crest.swingui.relational.TVTable" oid="0873E118-3199-2631-1A1A-724D979C8F95" otype="Table" vid="EAF7C308-E662-D44F-6B85-8A765768FDD3">
<hideElementsInCurrentOnly>false</hideElementsInCurrentOnly>
<bounds x="28" y="409" width="329" height="126"/>
</OView>
<OView class="oracle.dbtools.crest.swingui.relational.TVTable" oid="0EC72DCB-B484-FD43-8A42-3969506F038B" otype="Table" vid="29B3EF5D-5A5B-DD1F-E6A2-634CB1DD0953">
<hideElementsInCurrentOnly>false</hideElementsInCurrentOnly>
<bounds x="403" y="60" width="132" height="70"/>
</OView>
<OView class="oracle.dbtools.crest.swingui.relational.TVTable" oid="54FB8781-2551-BCDF-F060-30D9FDFF4395" otype="Table" vid="E9C98DEE-6FEC-C482-0115-0B44845FF902">
<hideElementsInCurrentOnly>false</hideElementsInCurrentOnly>
<bounds x="403" y="140" width="139" height="42"/>
</OView>
<OView class="oracle.dbtools.crest.swingui.relational.TVTable" oid="550A1D1C-C6DD-C71D-62B8-B1FC224869E6" otype="Table" vid="B8E2D867-2E82-9A0F-2441-009D37DF3686">
<hideElementsInCurrentOnly>false</hideElementsInCurrentOnly>
<bounds x="180" y="481" width="129" height="42"/>
</OView>
<OView class="oracle.dbtools.crest.swingui.relational.TVTable" oid="67306698-FF9B-F60A-C22C-4B8C8CCD7883" otype="Table" vid="8BA16044-8413-D0D0-13CE-2A62D95ADAD1">
<hideElementsInCurrentOnly>false</hideElementsInCurrentOnly>
<bounds x="639" y="82" width="144" height="124"/>
</OView>
<OView class="oracle.dbtools.crest.swingui.relational.TVTable" oid="7026ED17-0054-E3F8-2078-F0D568DE2DBB" otype="Table" vid="7101E98C-E0C2-F63C-EB11-438CED77EA79">
<hideElementsInCurrentOnly>false</hideElementsInCurrentOnly>
<bounds x="405" y="425" width="129" height="96"/>
</OView>
<OView class="oracle.dbtools.crest.swingui.relational.TVTable" oid="88BEE872-1E7B-3381-59FE-ECADAD8EE52B" otype="Table" vid="86DE887B-7568-A9AB-FC77-351CABD66F57">
<hideElementsInCurrentOnly>false</hideElementsInCurrentOnly>
<bounds x="125" y="285" width="112" height="54"/>
</OView>
<OView class="oracle.dbtools.crest.swingui.relational.TVTable" oid="B8445D4D-0FFF-6D04-2D6E-E838F4C85F57" otype="Table" vid="EC891469-1E9C-9046-E151-816FB27ED78E">
<hideElementsInCurrentOnly>false</hideElementsInCurrentOnly>
<bounds x="591" y="296" width="129" height="54"/>
</OView>
<OView class="oracle.dbtools.crest.swingui.relational.TVTable" oid="C31CF979-BDAC-1AB3-C944-8AE8C73A7D87" otype="Table" vid="4645E06E-1AE8-73D1-76B4-B77FE363CE98">
<hideElementsInCurrentOnly>false</hideElementsInCurrentOnly>
<bounds x="182" y="434" width="165" height="42"/>
</OView>
<OView class="oracle.dbtools.crest.swingui.relational.TVTable" oid="C81826E2-373E-B8AA-B3A0-106891706F47" otype="Table" vid="0D3701FC-B50B-967A-7350-AB0B261A0707">
<hideElementsInCurrentOnly>false</hideElementsInCurrentOnly>
<bounds x="341" y="264" width="151" height="82"/>
</OView>
<OView class="oracle.dbtools.crest.swingui.relational.TVTable" oid="C90163B0-63BE-5C0B-51A2-69969A6D061C" otype="Table" vid="7A817CAA-2FA6-CCAE-3E88-75DBF02C072A">
<hideElementsInCurrentOnly>false</hideElementsInCurrentOnly>
<bounds x="277" y="40" width="277" height="154"/>
</OView>
<OView class="oracle.dbtools.crest.swingui.relational.TVTable" oid="D17301F0-0A01-6D27-D4C6-4C05E4C6323A" otype="Table" vid="9B357AE4-6C91-69D3-3CC7-DE58F68AC5BA">
<hideElementsInCurrentOnly>false</hideElementsInCurrentOnly>
<bounds x="28" y="114" width="153" height="68"/>
</OView>
</objectViews>
<connectors>
<Connector class="oracle.dbtools.crest.swingui.relational.TVFKRelation" oid="1B4E27AE-F4C9-1F6B-0C25-AF5DBD3AE68B" otype="FKIndexAssociation" vid_source="EAF7C308-E662-D44F-6B85-8A765768FDD3" vid_target="B8E2D867-2E82-9A0F-2441-009D37DF3686">
<hideElementsInCurrentOnly>false</hideElementsInCurrentOnly>
<backgroundColor>-16777216</backgroundColor>
<lineWidth>1</lineWidth>
<points>
<point x="357" y="502"/>
<point x="180" y="502"/>
</points>
</Connector>
<Connector class="oracle.dbtools.crest.swingui.relational.TVFKRelation" oid="2BF90442-B35C-DD6C-0D6B-6C24AA2C5CFB" otype="FKIndexAssociation" vid_source="8BA16044-8413-D0D0-13CE-2A62D95ADAD1" vid_target="0D3701FC-B50B-967A-7350-AB0B261A0707">
<hideElementsInCurrentOnly>false</hideElementsInCurrentOnly>
<backgroundColor>-16777216</backgroundColor>
<lineWidth>1</lineWidth>
<points>
<point x="639" y="183"/>
<point x="491" y="264"/>
</points>
</Connector>
<Connector class="oracle.dbtools.crest.swingui.relational.TVFKRelation" oid="3DD14085-1833-D1BE-900B-02C399766621" otype="FKIndexAssociation" vid_source="9B357AE4-6C91-69D3-3CC7-DE58F68AC5BA" vid_target="0D3701FC-B50B-967A-7350-AB0B261A0707">
<hideElementsInCurrentOnly>false</hideElementsInCurrentOnly>
<backgroundColor>-16777216</backgroundColor>
<lineWidth>1</lineWidth>
<points>
<point x="172" y="182"/>
<point x="341" y="267"/>
</points>
</Connector>
<Connector class="oracle.dbtools.crest.swingui.relational.TVFKRelation" oid="42BEF0B6-2EEC-131A-CBC1-D9A600F0BE27" otype="FKIndexAssociation" vid_source="8BA16044-8413-D0D0-13CE-2A62D95ADAD1" vid_target="7A817CAA-2FA6-CCAE-3E88-75DBF02C072A">
<hideElementsInCurrentOnly>false</hideElementsInCurrentOnly>
<backgroundColor>-16777216</backgroundColor>
<lineWidth>1</lineWidth>
<points>
<point x="639" y="138"/>
<point x="554" y="138"/>
</points>
</Connector>
<Connector class="oracle.dbtools.crest.swingui.relational.TVFKRelation" oid="5EDB0B22-8E32-6095-8DC6-7EA8C66CF33F" otype="FKIndexAssociation" vid_source="0D3701FC-B50B-967A-7350-AB0B261A0707" vid_target="EC891469-1E9C-9046-E151-816FB27ED78E">
<hideElementsInCurrentOnly>false</hideElementsInCurrentOnly>
<backgroundColor>-16777216</backgroundColor>
<lineWidth>1</lineWidth>
<points>
<point x="492" y="321"/>
<point x="591" y="321"/>
</points>
</Connector>
<Connector class="oracle.dbtools.crest.swingui.relational.TVFKRelation" oid="5FA1C31C-E79F-193C-F3E4-EE2DD20A7076" otype="FKIndexAssociation" vid_source="EAF7C308-E662-D44F-6B85-8A765768FDD3" vid_target="0D3701FC-B50B-967A-7350-AB0B261A0707">
<hideElementsInCurrentOnly>false</hideElementsInCurrentOnly>
<backgroundColor>-16777216</backgroundColor>
<lineWidth>1</lineWidth>
<points>
<point x="349" y="409"/>
<point x="349" y="346"/>
</points>
</Connector>
<Connector class="oracle.dbtools.crest.swingui.relational.TVFKRelation" oid="6D545AF8-09B5-3895-F670-204CAE396500" otype="FKIndexAssociation" vid_source="7101E98C-E0C2-F63C-EB11-438CED77EA79" vid_target="EC891469-1E9C-9046-E151-816FB27ED78E">
<hideElementsInCurrentOnly>false</hideElementsInCurrentOnly>
<backgroundColor>-16777216</backgroundColor>
<lineWidth>1</lineWidth>
<points>
<point x="529" y="425"/>
<point x="622" y="350"/>
</points>
</Connector>
<Connector class="oracle.dbtools.crest.swingui.relational.TVFKRelation" oid="80F2E87A-79AA-CDCE-1728-BEE60D0D85A1" otype="FKIndexAssociation" vid_source="EAF7C308-E662-D44F-6B85-8A765768FDD3" vid_target="4645E06E-1AE8-73D1-76B4-B77FE363CE98">
<hideElementsInCurrentOnly>false</hideElementsInCurrentOnly>
<backgroundColor>-16777216</backgroundColor>
<lineWidth>1</lineWidth>
<points>
<point x="357" y="455"/>
<point x="182" y="455"/>
</points>
</Connector>
<Connector class="oracle.dbtools.crest.swingui.relational.TVFKRelation" oid="912CFFB5-C508-FFFC-3D95-8737F9E16091" otype="FKIndexAssociation" vid_source="9B357AE4-6C91-69D3-3CC7-DE58F68AC5BA" vid_target="7A817CAA-2FA6-CCAE-3E88-75DBF02C072A">
<hideElementsInCurrentOnly>false</hideElementsInCurrentOnly>
<backgroundColor>-16777216</backgroundColor>
<lineWidth>1</lineWidth>
<points>
<point x="181" y="148"/>
<point x="277" y="148"/>
</points>
</Connector>
<Connector class="oracle.dbtools.crest.swingui.relational.TVFKRelation" oid="99AC2515-0FDF-36DE-A545-780D7DAF3FCB" otype="FKIndexAssociation" vid_source="7A817CAA-2FA6-CCAE-3E88-75DBF02C072A" vid_target="29B3EF5D-5A5B-DD1F-E6A2-634CB1DD0953">
<hideElementsInCurrentOnly>false</hideElementsInCurrentOnly>
<backgroundColor>-16777216</backgroundColor>
<lineWidth>1</lineWidth>
<points>
<point x="554" y="95"/>
<point x="403" y="95"/>
</points>
</Connector>
<Connector class="oracle.dbtools.crest.swingui.relational.TVFKRelation" oid="ACE9312E-94BA-449F-11B2-D02E6857A061" otype="FKIndexAssociation" vid_source="86DE887B-7568-A9AB-FC77-351CABD66F57" vid_target="7A817CAA-2FA6-CCAE-3E88-75DBF02C072A">
<hideElementsInCurrentOnly>false</hideElementsInCurrentOnly>
<backgroundColor>-16777216</backgroundColor>
<lineWidth>1</lineWidth>
<points>
<point x="213" y="285"/>
<point x="322" y="194"/>
</points>
</Connector>
<Connector class="oracle.dbtools.crest.swingui.relational.TVFKRelation" oid="FFC6F5C2-BDE1-A460-A010-99B9859CF23B" otype="FKIndexAssociation" vid_source="7A817CAA-2FA6-CCAE-3E88-75DBF02C072A" vid_target="E9C98DEE-6FEC-C482-0115-0B44845FF902">
<hideElementsInCurrentOnly>false</hideElementsInCurrentOnly>
<backgroundColor>-16777216</backgroundColor>
<lineWidth>1</lineWidth>
<points>
<point x="554" y="161"/>
<point x="403" y="161"/>
</points>
</Connector>
</connectors>
<arcs>
<Arc class="oracle.dbtools.crest.swingui.relational.TVFKArc" oid="2A5A4CB5-6328-0780-332A-0C7FA3F2F107" otype="FKArc" vid="DEBF8A51-ACD9-709F-1469-A88E1601BE3A">
<hideElementsInCurrentOnly>false</hideElementsInCurrentOnly>
<bounds x="257" y="20" width="317" height="194"/>
</Arc>
<Arc class="oracle.dbtools.crest.swingui.relational.TVFKArc" oid="8905B6FD-CBDA-4AAA-1CF6-E4810955918D" otype="FKArc" vid="FA86C227-3094-973C-4207-E3C4E0942FA5">
<hideElementsInCurrentOnly>false</hideElementsInCurrentOnly>
<bounds x="8" y="389" width="369" height="166"/>
</Arc>
</arcs>
</Display>
<Display class="oracle.dbtools.crest.swingui.relational.DPVRelational" name="Display_2" id="771F6128-6BE1-4F62-8AA6-6AA8E0D162C4">
<createdBy>lianl</createdBy>
<modifiedBy>lianl</modifiedBy>
<createdTime>2026-01-25 17:19:10 UTC</createdTime>
<autoRoute>false</autoRoute>
<boxInbox>true</boxInbox>
<showLegend>false</showLegend>
<showLabels>false</showLabels>
<showRelAttributes>false</showRelAttributes>
<gridEnabled>false</gridEnabled>
<showGrid>false</showGrid>
<diagramColor>-1</diagramColor>
<display>true</display>
<notation>1</notation>
<objectViews>
<OView class="oracle.dbtools.crest.swingui.relational.TVTable" oid="0873E118-3199-2631-1A1A-724D979C8F95" otype="Table" vid="7CB0BFB4-44AB-3CA4-0B59-D4C414EA213A">
<hideElementsInCurrentOnly>false</hideElementsInCurrentOnly>
<bounds x="110" y="170" width="170" height="110"/>
</OView>
<OView class="oracle.dbtools.crest.swingui.relational.TVTable" oid="0EC72DCB-B484-FD43-8A42-3969506F038B" otype="Table" vid="7A052B08-CAA9-0B98-C230-13A688FCECA7">
<hideElementsInCurrentOnly>false</hideElementsInCurrentOnly>
<bounds x="150" y="250" width="170" height="110"/>
</OView>
<OView class="oracle.dbtools.crest.swingui.relational.TVTable" oid="54FB8781-2551-BCDF-F060-30D9FDFF4395" otype="Table" vid="6BC5E7F8-A399-082A-04EA-8769C029C86D">
<hideElementsInCurrentOnly>false</hideElementsInCurrentOnly>
<bounds x="160" y="270" width="170" height="110"/>
</OView>
<OView class="oracle.dbtools.crest.swingui.relational.TVTable" oid="550A1D1C-C6DD-C71D-62B8-B1FC224869E6" otype="Table" vid="550D6061-6A74-F3DF-A6C8-C218DFFAF22E">
<hideElementsInCurrentOnly>false</hideElementsInCurrentOnly>
<bounds x="130" y="210" width="170" height="110"/>
</OView>
<OView class="oracle.dbtools.crest.swingui.relational.TVTable" oid="67306698-FF9B-F60A-C22C-4B8C8CCD7883" otype="Table" vid="434C77C1-FF57-94E9-F655-97B11A7DBCBB">
<hideElementsInCurrentOnly>false</hideElementsInCurrentOnly>
<bounds x="100" y="150" width="170" height="110"/>
</OView>
<OView class="oracle.dbtools.crest.swingui.relational.TVTable" oid="7026ED17-0054-E3F8-2078-F0D568DE2DBB" otype="Table" vid="6E462B64-4AA2-F256-4582-D1B5448E980B">
<hideElementsInCurrentOnly>false</hideElementsInCurrentOnly>
<bounds x="80" y="110" width="170" height="110"/>
</OView>
<OView class="oracle.dbtools.crest.swingui.relational.TVTable" oid="88BEE872-1E7B-3381-59FE-ECADAD8EE52B" otype="Table" vid="BFC5F836-736C-1F6A-205D-574451843F32">
<hideElementsInCurrentOnly>false</hideElementsInCurrentOnly>
<bounds x="60" y="70" width="170" height="110"/>
</OView>
<OView class="oracle.dbtools.crest.swingui.relational.TVTable" oid="B8445D4D-0FFF-6D04-2D6E-E838F4C85F57" otype="Table" vid="23683984-9E93-F2F6-E1E2-0EE35E075E95">
<hideElementsInCurrentOnly>false</hideElementsInCurrentOnly>
<bounds x="70" y="90" width="170" height="110"/>
</OView>
<OView class="oracle.dbtools.crest.swingui.relational.TVTable" oid="C31CF979-BDAC-1AB3-C944-8AE8C73A7D87" otype="Table" vid="6CA9A26D-6516-CE07-AE7B-3209DE6E49F0">
<hideElementsInCurrentOnly>false</hideElementsInCurrentOnly>
<bounds x="120" y="190" width="170" height="110"/>
</OView>
<OView class="oracle.dbtools.crest.swingui.relational.TVTable" oid="C81826E2-373E-B8AA-B3A0-106891706F47" otype="Table" vid="EE873F48-0641-3761-19D5-193162CA2B74">
<hideElementsInCurrentOnly>false</hideElementsInCurrentOnly>
<bounds x="50" y="50" width="170" height="110"/>
</OView>
<OView class="oracle.dbtools.crest.swingui.relational.TVTable" oid="C90163B0-63BE-5C0B-51A2-69969A6D061C" otype="Table" vid="C449BBF7-AE15-5C2B-D03C-FB81733E32B8">
<hideElementsInCurrentOnly>false</hideElementsInCurrentOnly>
<bounds x="140" y="230" width="170" height="110"/>
</OView>
<OView class="oracle.dbtools.crest.swingui.relational.TVTable" oid="D17301F0-0A01-6D27-D4C6-4C05E4C6323A" otype="Table" vid="F0DBD01A-4716-7DCC-D8DE-7F77074930CE">
<hideElementsInCurrentOnly>false</hideElementsInCurrentOnly>
<bounds x="90" y="130" width="170" height="110"/>
</OView>
</objectViews>
<connectors>
<Connector class="oracle.dbtools.crest.swingui.relational.TVFKRelation" oid="1B4E27AE-F4C9-1F6B-0C25-AF5DBD3AE68B" otype="FKIndexAssociation" vid_source="7CB0BFB4-44AB-3CA4-0B59-D4C414EA213A" vid_target="550D6061-6A74-F3DF-A6C8-C218DFFAF22E">
<hideElementsInCurrentOnly>false</hideElementsInCurrentOnly>
<backgroundColor>-16777216</backgroundColor>
<lineWidth>1</lineWidth>
<points>
<point x="280" y="245"/>
<point x="130" y="245"/>
</points>
</Connector>
<Connector class="oracle.dbtools.crest.swingui.relational.TVFKRelation" oid="2BF90442-B35C-DD6C-0D6B-6C24AA2C5CFB" otype="FKIndexAssociation" vid_source="434C77C1-FF57-94E9-F655-97B11A7DBCBB" vid_target="EE873F48-0641-3761-19D5-193162CA2B74">
<hideElementsInCurrentOnly>false</hideElementsInCurrentOnly>
<backgroundColor>-16777216</backgroundColor>
<lineWidth>1</lineWidth>
<points>
<point x="100" y="155"/>
<point x="220" y="155"/>
</points>
</Connector>
<Connector class="oracle.dbtools.crest.swingui.relational.TVFKRelation" oid="3DD14085-1833-D1BE-900B-02C399766621" otype="FKIndexAssociation" vid_source="F0DBD01A-4716-7DCC-D8DE-7F77074930CE" vid_target="EE873F48-0641-3761-19D5-193162CA2B74">
<hideElementsInCurrentOnly>false</hideElementsInCurrentOnly>
<backgroundColor>-16777216</backgroundColor>
<lineWidth>1</lineWidth>
<points>
<point x="90" y="145"/>
<point x="220" y="145"/>
</points>
</Connector>
<Connector class="oracle.dbtools.crest.swingui.relational.TVFKRelation" oid="42BEF0B6-2EEC-131A-CBC1-D9A600F0BE27" otype="FKIndexAssociation" vid_source="434C77C1-FF57-94E9-F655-97B11A7DBCBB" vid_target="C449BBF7-AE15-5C2B-D03C-FB81733E32B8">
<hideElementsInCurrentOnly>false</hideElementsInCurrentOnly>
<backgroundColor>-16777216</backgroundColor>
<lineWidth>1</lineWidth>
<points>
<point x="270" y="245"/>
<point x="140" y="245"/>
</points>
</Connector>
<Connector class="oracle.dbtools.crest.swingui.relational.TVFKRelation" oid="5EDB0B22-8E32-6095-8DC6-7EA8C66CF33F" otype="FKIndexAssociation" vid_source="EE873F48-0641-3761-19D5-193162CA2B74" vid_target="23683984-9E93-F2F6-E1E2-0EE35E075E95">
<hideElementsInCurrentOnly>false</hideElementsInCurrentOnly>
<backgroundColor>-16777216</backgroundColor>
<lineWidth>1</lineWidth>
<points>
<point x="220" y="125"/>
<point x="70" y="125"/>
</points>
</Connector>
<Connector class="oracle.dbtools.crest.swingui.relational.TVFKRelation" oid="5FA1C31C-E79F-193C-F3E4-EE2DD20A7076" otype="FKIndexAssociation" vid_source="7CB0BFB4-44AB-3CA4-0B59-D4C414EA213A" vid_target="EE873F48-0641-3761-19D5-193162CA2B74">
<hideElementsInCurrentOnly>false</hideElementsInCurrentOnly>
<backgroundColor>-16777216</backgroundColor>
<lineWidth>1</lineWidth>
<points>
<point x="165" y="170"/>
<point x="165" y="160"/>
</points>
</Connector>
<Connector class="oracle.dbtools.crest.swingui.relational.TVFKRelation" oid="6D545AF8-09B5-3895-F670-204CAE396500" otype="FKIndexAssociation" vid_source="6E462B64-4AA2-F256-4582-D1B5448E980B" vid_target="23683984-9E93-F2F6-E1E2-0EE35E075E95">
<hideElementsInCurrentOnly>false</hideElementsInCurrentOnly>
<backgroundColor>-16777216</backgroundColor>
<lineWidth>1</lineWidth>
<points>
<point x="80" y="155"/>
<point x="240" y="155"/>
</points>
</Connector>
<Connector class="oracle.dbtools.crest.swingui.relational.TVFKRelation" oid="80F2E87A-79AA-CDCE-1728-BEE60D0D85A1" otype="FKIndexAssociation" vid_source="7CB0BFB4-44AB-3CA4-0B59-D4C414EA213A" vid_target="6CA9A26D-6516-CE07-AE7B-3209DE6E49F0">
<hideElementsInCurrentOnly>false</hideElementsInCurrentOnly>
<backgroundColor>-16777216</backgroundColor>
<lineWidth>1</lineWidth>
<points>
<point x="280" y="235"/>
<point x="120" y="235"/>
</points>
</Connector>
<Connector class="oracle.dbtools.crest.swingui.relational.TVFKRelation" oid="912CFFB5-C508-FFFC-3D95-8737F9E16091" otype="FKIndexAssociation" vid_source="F0DBD01A-4716-7DCC-D8DE-7F77074930CE" vid_target="C449BBF7-AE15-5C2B-D03C-FB81733E32B8">
<hideElementsInCurrentOnly>false</hideElementsInCurrentOnly>
<backgroundColor>-16777216</backgroundColor>
<lineWidth>1</lineWidth>
<points>
<point x="260" y="235"/>
<point x="140" y="235"/>
</points>
</Connector>
<Connector class="oracle.dbtools.crest.swingui.relational.TVFKRelation" oid="99AC2515-0FDF-36DE-A545-780D7DAF3FCB" otype="FKIndexAssociation" vid_source="C449BBF7-AE15-5C2B-D03C-FB81733E32B8" vid_target="7A052B08-CAA9-0B98-C230-13A688FCECA7">
<hideElementsInCurrentOnly>false</hideElementsInCurrentOnly>
<backgroundColor>-16777216</backgroundColor>
<lineWidth>1</lineWidth>
<points>
<point x="310" y="295"/>
<point x="150" y="295"/>
</points>
</Connector>
<Connector class="oracle.dbtools.crest.swingui.relational.TVFKRelation" oid="ACE9312E-94BA-449F-11B2-D02E6857A061" otype="FKIndexAssociation" vid_source="BFC5F836-736C-1F6A-205D-574451843F32" vid_target="C449BBF7-AE15-5C2B-D03C-FB81733E32B8">
<hideElementsInCurrentOnly>false</hideElementsInCurrentOnly>
<backgroundColor>-16777216</backgroundColor>
<lineWidth>1</lineWidth>
<points>
<point x="185" y="180"/>
<point x="185" y="230"/>
</points>
</Connector>
<Connector class="oracle.dbtools.crest.swingui.relational.TVFKRelation" oid="FFC6F5C2-BDE1-A460-A010-99B9859CF23B" otype="FKIndexAssociation" vid_source="C449BBF7-AE15-5C2B-D03C-FB81733E32B8" vid_target="6BC5E7F8-A399-082A-04EA-8769C029C86D">
<hideElementsInCurrentOnly>false</hideElementsInCurrentOnly>
<backgroundColor>-16777216</backgroundColor>
<lineWidth>1</lineWidth>
<points>
<point x="310" y="305"/>
<point x="160" y="305"/>
</points>
</Connector>
</connectors>
<arcs>
<Arc class="oracle.dbtools.crest.swingui.relational.TVFKArc" oid="2A5A4CB5-6328-0780-332A-0C7FA3F2F107" otype="FKArc" vid="EB88CA6D-4682-F672-AA8D-A64DEC3BE980">
<hideElementsInCurrentOnly>false</hideElementsInCurrentOnly>
<bounds x="0" y="0" width="320" height="360"/>
</Arc>
<Arc class="oracle.dbtools.crest.swingui.relational.TVFKArc" oid="8905B6FD-CBDA-4AAA-1CF6-E4810955918D" otype="FKArc" vid="46181B6F-8DF5-07E7-3D26-64AE66A8F87A">
<hideElementsInCurrentOnly>false</hideElementsInCurrentOnly>
<bounds x="0" y="0" width="320" height="360"/>
</Arc>
</arcs>
</Display>
</displays>
</Diagram>