<?xml version = '1.0' encoding = 'UTF-8'?>
<Diagram class="oracle.dbtools.crest.swingui.logical.DPVLogical" name="Logical" id="2EF6D0C3-8E02-DCC7-EA2C-F9EC5665DD29">
<createdBy>lianl</createdBy>
<modifiedBy>lianl</modifiedBy>
<createdTime>2026-02-08 16:46:34 UTC</createdTime>
<autoRoute>false</autoRoute>
<boxInbox>true</boxInbox>
<showLegend>false</showLegend>
<showLabels>false</showLabels>
<showRelAttributes>false</showRelAttributes>
<gridEnabled>false</gridEnabled>
<showGrid>false</showGrid>
<diagramColor>-1</diagramColor>
<display>false</display>
<notation>1</notation>
<objectViews>
<OView class="oracle.dbtools.crest.swingui.logical.TVEntity" oid="3012D5C5-3E3E-E9F4-4020-FC07F1AC7E22" otype="Entity" vid="52B28B33-35AE-5E3F-8A3D-425C9579DE5E">
<hideElementsInCurrentOnly>false</hideElementsInCurrentOnly>
<bounds x="15" y="221" width="129" height="54"/>
</OView>
<OView class="oracle.dbtools.crest.swingui.logical.TVEntity" oid="32DFE542-9DC1-DD20-E431-C1E7D18D8BE3" otype="Entity" vid="1BB18897-F516-E046-8215-4D73DBE0BD8E">
<hideElementsInCurrentOnly>false</hideElementsInCurrentOnly>
<bounds x="466" y="36" width="137" height="68"/>
</OView>
<OView class="oracle.dbtools.crest.swingui.logical.TVEntity" oid="3E198341-33AC-8592-6B5B-009E5362C794" otype="Entity" vid="E3511DCC-7C29-C458-1CC7-7D9A2903DC09">
<hideElementsInCurrentOnly>false</hideElementsInCurrentOnly>
<bounds x="438" y="204" width="149" height="82"/>
</OView>
<OView class="oracle.dbtools.crest.swingui.logical.TVEntity" oid="3FF92BF2-D66D-8D39-C927-3B8A3ABDE5DA" otype="Entity" vid="836B2A8F-8884-1172-818F-CF68057A7F35">
<hideElementsInCurrentOnly>false</hideElementsInCurrentOnly>
<bounds x="91" y="375" width="278" height="140"/>
</OView>
<OView class="oracle.dbtools.crest.swingui.logical.TVEntity" oid="574BEF65-7AFF-6EF0-D4BD-0F71A313FAEC" otype="Entity" vid="60FAFF39-F3AD-3B26-0108-E50980F93340">
<hideElementsInCurrentOnly>false</hideElementsInCurrentOnly>
<bounds x="51" y="41" width="129" height="54"/>
</OView>
<OView class="oracle.dbtools.crest.swingui.logical.TVEntity" oid="60BF4F3D-632D-9EDE-0782-58E7709F6025" otype="Entity" vid="6537423A-8626-A2D3-0FD4-2FCA3418F9CA">
<hideElementsInCurrentOnly>false</hideElementsInCurrentOnly>
<bounds x="702" y="293" width="170" height="110"/>
</OView>
<OView class="oracle.dbtools.crest.swingui.logical.TVEntity" oid="6E953138-372F-DA8C-7EC2-1F8C0C4AAD9B" otype="Entity" vid="DA85D5B6-FE8E-F603-C722-6CFEED2CF21C">
<hideElementsInCurrentOnly>false</hideElementsInCurrentOnly>
<bounds x="221" y="395" width="138" height="42"/>
</OView>
<OView class="oracle.dbtools.crest.swingui.logical.TVEntity" oid="89DA30C4-C6E4-470E-A1D3-0D89DF482EFB" otype="Entity" vid="56E3510C-B22B-63F1-82E8-40B9814F8DF0">
<hideElementsInCurrentOnly>false</hideElementsInCurrentOnly>
<bounds x="729" y="88" width="114" height="68"/>
</OView>
<OView class="oracle.dbtools.crest.swingui.logical.TVEntity" oid="8CA6DF70-CC51-6F42-F430-58F9BE9CF4BB" otype="Entity" vid="C0815C52-4068-C6C7-0FEB-59B2E969BFED">
<hideElementsInCurrentOnly>false</hideElementsInCurrentOnly>
<bounds x="219" y="447" width="135" height="56"/>
</OView>
<OView class="oracle.dbtools.crest.swingui.logical.TVEntity" oid="B0C678A8-1EE1-0F07-23E5-F8BD79E5324D" otype="Entity" vid="8318EDC5-6965-79C0-B7EB-267E4BD9CBC6">
<hideElementsInCurrentOnly>false</hideElementsInCurrentOnly>
<bounds x="225" y="224" width="135" height="54"/>
</OView>
<OView class="oracle.dbtools.crest.swingui.logical.TVEntity" oid="C86B5FC2-3DB0-BEA8-8881-93D0DB62CB98" otype="Entity" vid="6A5570C2-5905-3B07-3A24-5ED524BAB4EB">
<hideElementsInCurrentOnly>false</hideElementsInCurrentOnly>
<bounds x="973" y="66" width="105" height="96"/>
</OView>
<OView class="oracle.dbtools.crest.swingui.logical.TVEntity" oid="CA0F1FB9-7A10-E33C-4B86-278C032472C8" otype="Entity" vid="4FC3E7AD-6F61-37A9-F0A4-62698BAD1309">
<hideElementsInCurrentOnly>false</hideElementsInCurrentOnly>
<bounds x="517" y="401" width="144" height="54"/>
</OView>
<OView class="oracle.dbtools.crest.swingui.logical.TVEntity" oid="DFCFEFA3-26E4-D082-2D7D-0B212D415C27" otype="Entity" vid="BD585CEC-8EFF-24D5-3719-50ED2949F326">
<hideElementsInCurrentOnly>false</hideElementsInCurrentOnly>
<bounds x="253" y="39" width="138" height="54"/>
</OView>
</objectViews>
<connectors>
<Connector class="oracle.dbtools.crest.swingui.logical.TVRelation" oid="00C66E90-1A4F-BC7C-2D0D-44B4246BB151" otype="Relation" vid_source="4FC3E7AD-6F61-37A9-F0A4-62698BAD1309" vid_target="E3511DCC-7C29-C458-1CC7-7D9A2903DC09">
<hideElementsInCurrentOnly>false</hideElementsInCurrentOnly>
<backgroundColor>-16777216</backgroundColor>
<lineWidth>1</lineWidth>
<points>
<point x="552" y="401"/>
<point x="552" y="286"/>
</points>
</Connector>
<Connector class="oracle.dbtools.crest.swingui.logical.TVInheritanceRelation" oid="11823069-4CA7-3343-2709-0F94710E7D07" otype="Hierarchy relation" vid_source="836B2A8F-8884-1172-818F-CF68057A7F35" vid_target="C0815C52-4068-C6C7-0FEB-59B2E969BFED">
<hideElementsInCurrentOnly>false</hideElementsInCurrentOnly>
<backgroundColor>-65536</backgroundColor>
<lineWidth>1</lineWidth>
</Connector>
<Connector class="oracle.dbtools.crest.swingui.logical.TVRelation" oid="20620BC7-1853-9425-1F52-DE78C4697C9E" otype="Relation" vid_source="1BB18897-F516-E046-8215-4D73DBE0BD8E" vid_target="E3511DCC-7C29-C458-1CC7-7D9A2903DC09">
<hideElementsInCurrentOnly>false</hideElementsInCurrentOnly>
<backgroundColor>-16777216</backgroundColor>
<lineWidth>1</lineWidth>
<points>
<point x="526" y="104"/>
<point x="526" y="204"/>
</points>
</Connector>
<Connector class="oracle.dbtools.crest.swingui.logical.TVRelation" oid="2AE37525-1A46-ABBA-1DF5-DAF46D4302BC" otype="Relation" vid_source="BD585CEC-8EFF-24D5-3719-50ED2949F326" vid_target="1BB18897-F516-E046-8215-4D73DBE0BD8E">
<hideElementsInCurrentOnly>false</hideElementsInCurrentOnly>
<backgroundColor>-16777216</backgroundColor>
<lineWidth>1</lineWidth>
<points>
<point x="391" y="64"/>
<point x="466" y="64"/>
</points>
</Connector>
<Connector class="oracle.dbtools.crest.swingui.logical.TVRelation" oid="3C80F928-DA5F-A7DC-93D1-7DE920CB17C7" otype="Relation" vid_source="60FAFF39-F3AD-3B26-0108-E50980F93340" vid_target="BD585CEC-8EFF-24D5-3719-50ED2949F326">
<hideElementsInCurrentOnly>false</hideElementsInCurrentOnly>
<backgroundColor>-16777216</backgroundColor>
<lineWidth>1</lineWidth>
<points>
<point x="180" y="67"/>
<point x="253" y="67"/>
</points>
</Connector>
<Connector class="oracle.dbtools.crest.swingui.logical.TVRelation" oid="48E8C321-54DF-CF88-B231-4FBF97DA0B89" otype="Relation" vid_source="836B2A8F-8884-1172-818F-CF68057A7F35" vid_target="E3511DCC-7C29-C458-1CC7-7D9A2903DC09">
<hideElementsInCurrentOnly>false</hideElementsInCurrentOnly>
<backgroundColor>-16777216</backgroundColor>
<lineWidth>1</lineWidth>
<points>
<point x="328" y="375"/>
<point x="454" y="286"/>
</points>
</Connector>
<Connector class="oracle.dbtools.crest.swingui.logical.TVRelation" oid="4D229E08-5A9B-0863-3174-B50805F1AF08" otype="Relation" vid_source="1BB18897-F516-E046-8215-4D73DBE0BD8E" vid_target="56E3510C-B22B-63F1-82E8-40B9814F8DF0">
<hideElementsInCurrentOnly>false</hideElementsInCurrentOnly>
<backgroundColor>-16777216</backgroundColor>
<lineWidth>1</lineWidth>
<points>
<point x="603" y="96"/>
<point x="729" y="96"/>
</points>
</Connector>
<Connector class="oracle.dbtools.crest.swingui.logical.TVRelation" oid="6CBFE592-82F8-CFCF-63D3-5308E4544E8B" otype="Relation" vid_source="6537423A-8626-A2D3-0FD4-2FCA3418F9CA" vid_target="56E3510C-B22B-63F1-82E8-40B9814F8DF0">
<hideElementsInCurrentOnly>false</hideElementsInCurrentOnly>
<backgroundColor>-16777216</backgroundColor>
<lineWidth>1</lineWidth>
<points>
<point x="786" y="293"/>
<point x="786" y="156"/>
</points>
</Connector>
<Connector class="oracle.dbtools.crest.swingui.logical.TVInheritanceRelation" oid="80E41B99-E1F1-04EE-A69E-99444E7A715B" otype="Hierarchy relation" vid_source="836B2A8F-8884-1172-818F-CF68057A7F35" vid_target="DA85D5B6-FE8E-F603-C722-6CFEED2CF21C">
<hideElementsInCurrentOnly>false</hideElementsInCurrentOnly>
<backgroundColor>-65536</backgroundColor>
<lineWidth>1</lineWidth>
</Connector>
<Connector class="oracle.dbtools.crest.swingui.logical.TVRelation" oid="B29EE3E8-75E3-9210-3B9C-741CC7D6FB2C" otype="Relation" vid_source="E3511DCC-7C29-C458-1CC7-7D9A2903DC09" vid_target="6537423A-8626-A2D3-0FD4-2FCA3418F9CA">
<hideElementsInCurrentOnly>false</hideElementsInCurrentOnly>
<backgroundColor>-16777216</backgroundColor>
<lineWidth>1</lineWidth>
<points>
<point x="587" y="272"/>
<point x="702" y="316"/>
</points>
</Connector>
<Connector class="oracle.dbtools.crest.swingui.logical.TVRelation" oid="B923C25F-4507-6B81-117B-017744560FB2" otype="Relation" vid_source="6A5570C2-5905-3B07-3A24-5ED524BAB4EB" vid_target="56E3510C-B22B-63F1-82E8-40B9814F8DF0">
<hideElementsInCurrentOnly>false</hideElementsInCurrentOnly>
<backgroundColor>-16777216</backgroundColor>
<lineWidth>1</lineWidth>
<points>
<point x="973" y="122"/>
<point x="843" y="122"/>
</points>
</Connector>
<Connector class="oracle.dbtools.crest.swingui.logical.TVRelation" oid="C649F70D-26FE-13EC-2AF1-C55271C0AC70" otype="Relation" vid_source="52B28B33-35AE-5E3F-8A3D-425C9579DE5E" vid_target="8318EDC5-6965-79C0-B7EB-267E4BD9CBC6">
<hideElementsInCurrentOnly>false</hideElementsInCurrentOnly>
<backgroundColor>-16777216</backgroundColor>
<lineWidth>1</lineWidth>
<points>
<point x="144" y="249"/>
<point x="225" y="249"/>
</points>
</Connector>
<Connector class="oracle.dbtools.crest.swingui.logical.TVRelation" oid="E51AD8A4-A16A-B2BB-FBD6-5AAB550514AC" otype="Relation" vid_source="8318EDC5-6965-79C0-B7EB-267E4BD9CBC6" vid_target="E3511DCC-7C29-C458-1CC7-7D9A2903DC09">
<hideElementsInCurrentOnly>false</hideElementsInCurrentOnly>
<backgroundColor>-16777216</backgroundColor>
<lineWidth>1</lineWidth>
<points>
<point x="360" y="251"/>
<point x="438" y="251"/>
</points>
</Connector>
</connectors>
</Diagram>