<?xml version = '1.0' encoding = 'UTF-8'?>
<FKArc class="oracle.dbtools.crest.model.design.relational.FKArc" directorySegmentName="seg_0" id="495AC470-E8F0-228F-D36A-4203A3FFBA6B" name="FKArc_1">
<createdBy>lianl</createdBy>
<createdTime>2026-02-08 17:56:14 UTC</createdTime>
<ownerDesignName>sumativa2</ownerDesignName>
<mandatory>false</mandatory>
<reverseArc>true</reverseArc>
<table>AF6A008C-AD97-3CBF-6802-977E4BAE924C</table>
<fkeys>
<fkeyID>5B50D86A-10E9-9D93-0262-F1770AF1C16A</fkeyID>
<fkeyID>E0392952-84C2-F090-8E79-0D34EAACE830</fkeyID>
</fkeys>
</FKArc>