<?xml version = '1.0' encoding = 'UTF-8'?>
<Entity class="oracle.dbtools.crest.model.design.logical.Entity" directorySegmentName="seg_0" id="1C10AAEF-970F-6E57-51C2-A745ABD5A397" name="Postulacion_internacional">
<createdBy>lianl</createdBy>
<createdTime>2026-01-31 21:03:36 UTC</createdTime>
<ownerDesignName>sumativa</ownerDesignName>
<engineerTo>
<item key="8F17375C-7890-8D43-0141-7222F5C201AE" value="true"/>
</engineerTo>
<adequatelyNormalized>NO</adequatelyNormalized>
<expectedVolumes>0</expectedVolumes>
<fwdEngineeringStrategyName>Single Table</fwdEngineeringStrategyName>
<growthPercent>0</growthPercent>
<growthType>Year</growthType>
<hierarchicalParent>E757A688-55CD-028A-0503-741E64DC897A</hierarchicalParent>
<maxVolumes>9999999</maxVolumes>
<minVolumes>0</minVolumes>
<normalForm>Third</normalForm>
<attributes itemClass="oracle.dbtools.crest.model.design.logical.Attribute">
<Attribute name="fecha_visa" id="CF982FF1-BC38-5671-5EDD-848E9C79E981">
<createdBy>lianl</createdBy>
<createdTime>2026-01-31 21:41:45 UTC</createdTime>
<ownerDesignName>sumativa</ownerDesignName>
<engineerTo>
<item key="8F17375C-7890-8D43-0141-7222F5C201AE" value="true"/>
</engineerTo>
<useDomainConstraints>false</useDomainConstraints>
<use>1</use>
<logicalDatatype>LOGDT007</logicalDatatype>
<ownDataTypeParameters>,,</ownDataTypeParameters>
</Attribute>
<Attribute name="id_visa" id="BCF481FD-5927-22DA-4FE6-92502380F9E5">
<createdBy>lianl</createdBy>
<createdTime>2026-01-31 21:42:18 UTC</createdTime>
<ownerDesignName>sumativa</ownerDesignName>
<engineerTo>
<item key="8F17375C-7890-8D43-0141-7222F5C201AE" value="true"/>
</engineerTo>
<useDomainConstraints>false</useDomainConstraints>
<use>1</use>
<logicalDatatype>LOGDT025</logicalDatatype>
<dataTypeSize>13</dataTypeSize>
<ownDataTypeParameters>13,,</ownDataTypeParameters>
</Attribute>
</attributes>
</Entity>