<?xml version = '1.0' encoding = 'UTF-8'?>
<Entity class="oracle.dbtools.crest.model.design.logical.Entity" directorySegmentName="seg_0" id="C081E7FA-7C0A-895A-D43F-5993BC942338" name="Postulante_profesion">
<createdBy>lianl</createdBy>
<createdTime>2026-01-31 21:44:27 UTC</createdTime>
<ownerDesignName>sumativa</ownerDesignName>
<engineerTo>
<item key="8F17375C-7890-8D43-0141-7222F5C201AE" value="true"/>
</engineerTo>
<adequatelyNormalized>NO</adequatelyNormalized>
<expectedVolumes>0</expectedVolumes>
<fwdEngineeringStrategyName>Single Table</fwdEngineeringStrategyName>
<growthPercent>0</growthPercent>
<growthType>Year</growthType>
<maxVolumes>9999999</maxVolumes>
<minVolumes>0</minVolumes>
<normalForm>Third</normalForm>
<attributes itemClass="oracle.dbtools.crest.model.design.logical.Attribute">
<Attribute name="id_postulante_profesion" id="EF7F7D6F-02CC-C441-067D-522672BCE78A">
<createdBy>lianl</createdBy>
<createdTime>2026-01-31 21:44:37 UTC</createdTime>
<ownerDesignName>sumativa</ownerDesignName>
<engineerTo>
<item key="8F17375C-7890-8D43-0141-7222F5C201AE" value="true"/>
</engineerTo>
<useDomainConstraints>false</useDomainConstraints>
<use>1</use>
<logicalDatatype>LOGDT019</logicalDatatype>
<dataTypePrecision>10</dataTypePrecision>
<ownDataTypeParameters>,10,</ownDataTypeParameters>
</Attribute>
<Attribute name="fecha_obtencion_titulo" id="8D492768-6410-792E-8C97-6D829134343E">
<createdBy>lianl</createdBy>
<createdTime>2026-01-31 21:44:56 UTC</createdTime>
<ownerDesignName>sumativa</ownerDesignName>
<engineerTo>
<item key="8F17375C-7890-8D43-0141-7222F5C201AE" value="true"/>
</engineerTo>
<useDomainConstraints>false</useDomainConstraints>
<use>1</use>
<logicalDatatype>LOGDT007</logicalDatatype>
<ownDataTypeParameters>,,</ownDataTypeParameters>
</Attribute>
<Attribute name="id_profesion" id="540C2933-7E48-C070-D312-C90B95591BAE">
<createdBy>lianl</createdBy>
<createdTime>2026-01-31 22:00:16 UTC</createdTime>
<generatorID>82B4CCB9-81D6-319F-11E9-C76889035F67</generatorID>
<ownerDesignName>sumativa</ownerDesignName>
<engineerTo>
<item key="8F17375C-7890-8D43-0141-7222F5C201AE" value="true"/>
</engineerTo>
<referedAttribute>0CA068F7-F8AC-D8A0-6B5A-EC0412C8AA0F</referedAttribute>
<useDomainConstraints>false</useDomainConstraints>
<use>1</use>
<logicalDatatype>LOGDT019</logicalDatatype>
<dataTypePrecision>5</dataTypePrecision>
<ownDataTypeParameters>,,</ownDataTypeParameters>
</Attribute>
<Attribute name="id_postulante" id="9D382B6C-C177-3573-8A7C-F0F036BEFAA4">
<createdBy>lianl</createdBy>
<createdTime>2026-01-31 22:00:20 UTC</createdTime>
<generatorID>B4462D60-BB06-92B4-6DBA-AE06F57EEA29</generatorID>
<ownerDesignName>sumativa</ownerDesignName>
<engineerTo>
<item key="8F17375C-7890-8D43-0141-7222F5C201AE" value="true"/>
</engineerTo>
<referedAttribute>19D7B650-EA8C-5267-7B06-0D7EE32A8346</referedAttribute>
<useDomainConstraints>false</useDomainConstraints>
<use>1</use>
<logicalDatatype>LOGDT019</logicalDatatype>
<dataTypePrecision>10</dataTypePrecision>
<ownDataTypeParameters>,,</ownDataTypeParameters>
</Attribute>
</attributes>
<identifiers itemClass="oracle.dbtools.crest.model.design.logical.CandidateKey">
<identifier id="260533A6-FB4D-8695-73A2-DED10E4EFFA7" name="Postulante_profesion PK">
<createdBy>lianl</createdBy>
<createdTime>2026-01-31 21:44:55 UTC</createdTime>
<ownerDesignName>sumativa</ownerDesignName>
<engineerTo>
<item key="8F17375C-7890-8D43-0141-7222F5C201AE" value="true"/>
</engineerTo>
<pk>true</pk>
<usedAttributes>
<attributeRef>EF7F7D6F-02CC-C441-067D-522672BCE78A</attributeRef>
</usedAttributes>
</identifier>
</identifiers>
</Entity>