<?xml version = '1.0' encoding = 'UTF-8'?>
<FKIndexAssociation class="oracle.dbtools.crest.model.design.relational.FKIndexAssociation" directorySegmentName="seg_0" id="1EB190F2-20DA-4158-F2A0-76F7588DBE1C" containerWithKeyObject="DCE3CDFA-76F6-D0EA-5E27-52C20A973E3A" localFKIndex="22F8A523-131B-2502-C2BE-3065C211B156" name="Comuna_Region_FK">
<createdBy>lianl</createdBy>
<createdTime>2026-02-08 17:56:14 UTC</createdTime>
<generatorID>3C80F928-DA5F-A7DC-93D1-7DE920CB17C7</generatorID>
<ownerDesignName>sumativa2</ownerDesignName>
<referredTableLongName>Region</referredTableLongName>
<deleteRule>NO ACTION</deleteRule>
<referredTableID>211D3179-EA87-556F-9416-DD7174F8F076</referredTableID>
<keyObject>956A5668-3409-FA4F-A131-DBDC0F1F57B1</keyObject>
<referredKeyID>956A5668-3409-FA4F-A131-DBDC0F1F57B1</referredKeyID>
<mandatory>true</mandatory>
<refColNames>id_region</refColNames>
<transferable>true</transferable>
<rely>false</rely>
<columnDependencyConstraintGenerateInDDL>true</columnDependencyConstraintGenerateInDDL>
</FKIndexAssociation>