<?xml version = '1.0' encoding = 'UTF-8'?>
<FKIndexAssociation class="oracle.dbtools.crest.model.design.relational.FKIndexAssociation" directorySegmentName="seg_0" id="4BC280D2-78CB-6803-F5FF-2307DFF4C5A1" containerWithKeyObject="B4664C05-8233-0038-C67E-2B84F224465A" localFKIndex="D4B7A211-DBA4-6D48-9097-3E273C502D64" name="Boleta_Cliente_FK">
<createdBy>lianl</createdBy>
<createdTime>2026-02-08 17:56:14 UTC</createdTime>
<generatorID>B923C25F-4507-6B81-117B-017744560FB2</generatorID>
<ownerDesignName>sumativa2</ownerDesignName>
<referredTableLongName>Cliente</referredTableLongName>
<deleteRule>NO ACTION</deleteRule>
<referredTableID>5F71DF8B-8F4A-4876-ED98-9900B00F3E2D</referredTableID>
<keyObject>1DF24269-10BB-2356-9BAF-D8C1B7C270CC</keyObject>
<referredKeyID>1DF24269-10BB-2356-9BAF-D8C1B7C270CC</referredKeyID>
<mandatory>true</mandatory>
<refColNames>id_cliente</refColNames>
<transferable>true</transferable>
<rely>false</rely>
<columnDependencyConstraintGenerateInDDL>true</columnDependencyConstraintGenerateInDDL>
</FKIndexAssociation>