<?xml version = '1.0' encoding = 'UTF-8'?>
<FKIndexAssociation class="oracle.dbtools.crest.model.design.relational.FKIndexAssociation" directorySegmentName="seg_0" id="5B50D86A-10E9-9D93-0262-F1770AF1C16A" containerWithKeyObject="EEFDDB39-473D-62ED-CE8C-D8D62FA31E9F" localFKIndex="AA58A1C7-81A3-D4AF-AE74-90D876511153" name="Proveedor_empresa_Proveedor_FK">
<createdBy>lianl</createdBy>
<createdTime>2026-02-08 17:56:14 UTC</createdTime>
<generatorID>80E41B99-E1F1-04EE-A69E-99444E7A715B</generatorID>
<ownerDesignName>sumativa2</ownerDesignName>
<referredTableLongName>Proveedor</referredTableLongName>
<arc>495AC470-E8F0-228F-D36A-4203A3FFBA6B</arc>
<deleteRule>NO ACTION</deleteRule>
<referredTableID>AF6A008C-AD97-3CBF-6802-977E4BAE924C</referredTableID>
<keyObject>2C6E9171-6BE8-2350-FF30-51572D102EA5</keyObject>
<referredKeyID>2C6E9171-6BE8-2350-FF30-51572D102EA5</referredKeyID>
<mandatory>true</mandatory>
<refColNames>id_proveedor</refColNames>
<transferable>true</transferable>
<rely>false</rely>
<columnDependencyConstraintGenerateInDDL>true</columnDependencyConstraintGenerateInDDL>
</FKIndexAssociation>