<?xml version = '1.0' encoding = 'UTF-8'?>
<FKIndexAssociation class="oracle.dbtools.crest.model.design.relational.FKIndexAssociation" directorySegmentName="seg_0" id="6650AA09-3D7A-89D5-E463-614214C1BDA8" containerWithKeyObject="10FD7A87-5CA3-3C95-4974-0BC7C161A63D" localFKIndex="F642D92C-D2D2-8225-33AA-97F5E35BA5A1" name="Modelo_producto_Marca_FK">
<createdBy>lianl</createdBy>
<createdTime>2026-02-08 17:56:14 UTC</createdTime>
<generatorID>C649F70D-26FE-13EC-2AF1-C55271C0AC70</generatorID>
<ownerDesignName>sumativa2</ownerDesignName>
<referredTableLongName>Marca</referredTableLongName>
<deleteRule>NO ACTION</deleteRule>
<referredTableID>1009B1CA-EF79-4A3C-6833-FAA54A256AA0</referredTableID>
<keyObject>0122AF95-DB08-C7CD-81B3-F3BE8D050F98</keyObject>
<referredKeyID>0122AF95-DB08-C7CD-81B3-F3BE8D050F98</referredKeyID>
<mandatory>true</mandatory>
<refColNames>id_marca</refColNames>
<transferable>true</transferable>
<rely>false</rely>
<columnDependencyConstraintGenerateInDDL>true</columnDependencyConstraintGenerateInDDL>
</FKIndexAssociation>