<?xml version = '1.0' encoding = 'UTF-8'?>
<FKIndexAssociation class="oracle.dbtools.crest.model.design.relational.FKIndexAssociation" directorySegmentName="seg_0" id="6C9280B4-26AF-2EA9-E163-878B2B675081" containerWithKeyObject="D537F331-8C0A-7A81-4808-910DA4ACF0F4" localFKIndex="9B9F07F7-3EAE-467C-4B1D-138D13C5F92D" name="Producto_Modelo_producto_FK">
<createdBy>lianl</createdBy>
<createdTime>2026-02-08 17:56:14 UTC</createdTime>
<generatorID>E51AD8A4-A16A-B2BB-FBD6-5AAB550514AC</generatorID>
<ownerDesignName>sumativa2</ownerDesignName>
<referredTableLongName>Modelo_producto</referredTableLongName>
<deleteRule>NO ACTION</deleteRule>
<referredTableID>10FD7A87-5CA3-3C95-4974-0BC7C161A63D</referredTableID>
<keyObject>2AF53023-134D-B8E1-9A97-439203570F3B</keyObject>
<referredKeyID>2AF53023-134D-B8E1-9A97-439203570F3B</referredKeyID>
<mandatory>true</mandatory>
<refColNames>id_modelo</refColNames>
<transferable>true</transferable>
<rely>false</rely>
<columnDependencyConstraintGenerateInDDL>true</columnDependencyConstraintGenerateInDDL>
</FKIndexAssociation>