<?xml version = '1.0' encoding = 'UTF-8'?>
<FKIndexAssociation class="oracle.dbtools.crest.model.design.relational.FKIndexAssociation" directorySegmentName="seg_0" id="6D8506FC-0057-17D3-8778-6C06DBFE146B" containerWithKeyObject="D537F331-8C0A-7A81-4808-910DA4ACF0F4" localFKIndex="6155AB42-2C41-5FBE-6E8F-3C90D1859434" name="Producto_Proveedor_FK">
<createdBy>lianl</createdBy>
<createdTime>2026-02-08 17:56:14 UTC</createdTime>
<generatorID>48E8C321-54DF-CF88-B231-4FBF97DA0B89</generatorID>
<ownerDesignName>sumativa2</ownerDesignName>
<referredTableLongName>Proveedor</referredTableLongName>
<deleteRule>NO ACTION</deleteRule>
<referredTableID>AF6A008C-AD97-3CBF-6802-977E4BAE924C</referredTableID>
<keyObject>2C6E9171-6BE8-2350-FF30-51572D102EA5</keyObject>
<referredKeyID>2C6E9171-6BE8-2350-FF30-51572D102EA5</referredKeyID>
<mandatory>true</mandatory>
<refColNames>id_proveedor</refColNames>
<transferable>true</transferable>
<rely>false</rely>
<columnDependencyConstraintGenerateInDDL>true</columnDependencyConstraintGenerateInDDL>
</FKIndexAssociation>