<?xml version = '1.0' encoding = 'UTF-8'?>
<FKIndexAssociation class="oracle.dbtools.crest.model.design.relational.FKIndexAssociation" directorySegmentName="seg_0" id="7C30CDA5-AD63-163B-507A-C518859B705A" containerWithKeyObject="D537F331-8C0A-7A81-4808-910DA4ACF0F4" localFKIndex="48775AA2-3B41-0CC4-6036-3A0822D3FA81" name="Producto_Categoria_FK">
<createdBy>lianl</createdBy>
<createdTime>2026-02-08 17:56:14 UTC</createdTime>
<generatorID>00C66E90-1A4F-BC7C-2D0D-44B4246BB151</generatorID>
<ownerDesignName>sumativa2</ownerDesignName>
<referredTableLongName>Categoria</referredTableLongName>
<deleteRule>NO ACTION</deleteRule>
<referredTableID>A237344F-9DB4-B8FC-03C6-16185FF2BEAD</referredTableID>
<keyObject>31D8B61D-CFC8-10E5-FED4-0922173B4636</keyObject>
<referredKeyID>31D8B61D-CFC8-10E5-FED4-0922173B4636</referredKeyID>
<mandatory>true</mandatory>
<refColNames>id_categoria</refColNames>
<transferable>true</transferable>
<rely>false</rely>
<columnDependencyConstraintGenerateInDDL>true</columnDependencyConstraintGenerateInDDL>
</FKIndexAssociation>