<?xml version = '1.0' encoding = 'UTF-8'?>
<FKIndexAssociation class="oracle.dbtools.crest.model.design.relational.FKIndexAssociation" directorySegmentName="seg_0" id="A927E719-7F73-0B74-5EA2-01AFD4D21D59" containerWithKeyObject="B4664C05-8233-0038-C67E-2B84F224465A" localFKIndex="D9F88D88-C399-E8A4-7AC3-E1D95012B751" name="Boleta_Detalle_boleta_FK">
<createdBy>lianl</createdBy>
<createdTime>2026-02-08 17:56:14 UTC</createdTime>
<generatorID>6CBFE592-82F8-CFCF-63D3-5308E4544E8B</generatorID>
<ownerDesignName>sumativa2</ownerDesignName>
<referredTableLongName>Detalle_boleta</referredTableLongName>
<deleteRule>NO ACTION</deleteRule>
<referredTableID>1652683E-42C2-100F-5683-65A3C222021B</referredTableID>
<keyObject>A18D629B-32E3-3785-CEED-3051B23E25AC</keyObject>
<referredKeyID>A18D629B-32E3-3785-CEED-3051B23E25AC</referredKeyID>
<mandatory>true</mandatory>
<refColNames>id_detalle_boleta</refColNames>
<transferable>true</transferable>
<rely>false</rely>
<columnDependencyConstraintGenerateInDDL>true</columnDependencyConstraintGenerateInDDL>
</FKIndexAssociation>