<?xml version = '1.0' encoding = 'UTF-8'?>
<FKIndexAssociation class="oracle.dbtools.crest.model.design.relational.FKIndexAssociation" directorySegmentName="seg_0" id="B8DC0727-0E27-E9F3-D85A-BC3281A953FE" containerWithKeyObject="D537F331-8C0A-7A81-4808-910DA4ACF0F4" localFKIndex="0B250420-F00A-1979-67EF-159F2982C23F" name="Producto_Sucursal_FK">
<createdBy>lianl</createdBy>
<createdTime>2026-02-08 17:56:14 UTC</createdTime>
<generatorID>20620BC7-1853-9425-1F52-DE78C4697C9E</generatorID>
<ownerDesignName>sumativa2</ownerDesignName>
<referredTableLongName>Sucursal</referredTableLongName>
<deleteRule>NO ACTION</deleteRule>
<referredTableID>B8BE94A7-7F4D-6DC6-A591-EB5C206CE0F5</referredTableID>
<keyObject>775589D4-097B-F472-948D-663CEF8B9496</keyObject>
<referredKeyID>775589D4-097B-F472-948D-663CEF8B9496</referredKeyID>
<mandatory>true</mandatory>
<refColNames>id_sucursal</refColNames>
<transferable>true</transferable>
<rely>false</rely>
<columnDependencyConstraintGenerateInDDL>true</columnDependencyConstraintGenerateInDDL>
</FKIndexAssociation>