<?xml version = '1.0' encoding = 'UTF-8'?>
<FKIndexAssociation class="oracle.dbtools.crest.model.design.relational.FKIndexAssociation" directorySegmentName="seg_0" id="DEB80659-3FF9-0B0C-FB56-BDC28C7EECC3" containerWithKeyObject="D537F331-8C0A-7A81-4808-910DA4ACF0F4" localFKIndex="D51B587F-8F3A-E829-3E93-4488D76B7449" name="Producto_Detalle_boleta_FK">
<createdBy>lianl</createdBy>
<createdTime>2026-02-08 17:56:14 UTC</createdTime>
<generatorID>B29EE3E8-75E3-9210-3B9C-741CC7D6FB2C</generatorID>
<ownerDesignName>sumativa2</ownerDesignName>
<referredTableLongName>Detalle_boleta</referredTableLongName>
<deleteRule>NO ACTION</deleteRule>
<referredTableID>1652683E-42C2-100F-5683-65A3C222021B</referredTableID>
<keyObject>A18D629B-32E3-3785-CEED-3051B23E25AC</keyObject>
<referredKeyID>A18D629B-32E3-3785-CEED-3051B23E25AC</referredKeyID>
<mandatory>false</mandatory>
<refColNames>id_detalle_boleta</refColNames>
<transferable>true</transferable>
<rely>false</rely>
<columnDependencyConstraintGenerateInDDL>true</columnDependencyConstraintGenerateInDDL>
</FKIndexAssociation>