<?xml version = '1.0' encoding = 'UTF-8'?>
<FKIndexAssociation class="oracle.dbtools.crest.model.design.relational.FKIndexAssociation" directorySegmentName="seg_0" id="E0392952-84C2-F090-8E79-0D34EAACE830" containerWithKeyObject="753F8112-F7D4-EFBE-3AA5-861F291B89EA" localFKIndex="F9D3D7CF-79E6-0321-5D48-4E9D0B66A959" name="Proveedor_persona_Proveedor_FK">
<createdBy>lianl</createdBy>
<createdTime>2026-02-08 17:56:14 UTC</createdTime>
<generatorID>11823069-4CA7-3343-2709-0F94710E7D07</generatorID>
<ownerDesignName>sumativa2</ownerDesignName>
<referredTableLongName>Proveedor</referredTableLongName>
<arc>495AC470-E8F0-228F-D36A-4203A3FFBA6B</arc>
<deleteRule>NO ACTION</deleteRule>
<referredTableID>AF6A008C-AD97-3CBF-6802-977E4BAE924C</referredTableID>
<keyObject>2C6E9171-6BE8-2350-FF30-51572D102EA5</keyObject>
<referredKeyID>2C6E9171-6BE8-2350-FF30-51572D102EA5</referredKeyID>
<mandatory>true</mandatory>
<refColNames>id_proveedor</refColNames>
<transferable>true</transferable>
<rely>false</rely>
<columnDependencyConstraintGenerateInDDL>true</columnDependencyConstraintGenerateInDDL>
</FKIndexAssociation>