<?xml version = '1.0' encoding = 'UTF-8'?>
<FKIndexAssociation class="oracle.dbtools.crest.model.design.relational.FKIndexAssociation" directorySegmentName="seg_0" id="F22F1C60-2BC9-55DA-6101-5DDF452FD118" containerWithKeyObject="B4664C05-8233-0038-C67E-2B84F224465A" localFKIndex="0BDF7416-7B70-2919-4307-7F5E54E487AA" name="Boleta_Sucursal_FK">
<createdBy>lianl</createdBy>
<createdTime>2026-02-08 17:56:14 UTC</createdTime>
<generatorID>4D229E08-5A9B-0863-3174-B50805F1AF08</generatorID>
<ownerDesignName>sumativa2</ownerDesignName>
<referredTableLongName>Sucursal</referredTableLongName>
<deleteRule>NO ACTION</deleteRule>
<referredTableID>B8BE94A7-7F4D-6DC6-A591-EB5C206CE0F5</referredTableID>
<keyObject>775589D4-097B-F472-948D-663CEF8B9496</keyObject>
<referredKeyID>775589D4-097B-F472-948D-663CEF8B9496</referredKeyID>
<mandatory>true</mandatory>
<refColNames>id_sucursal</refColNames>
<transferable>true</transferable>
<rely>false</rely>
<columnDependencyConstraintGenerateInDDL>true</columnDependencyConstraintGenerateInDDL>
</FKIndexAssociation>