<?xml version = '1.0' encoding = 'UTF-8'?>
<FKIndexAssociation class="oracle.dbtools.crest.model.design.relational.FKIndexAssociation" directorySegmentName="seg_0" id="F6A898E4-DD89-6ED7-EC03-8ECD11F9A875" containerWithKeyObject="B8BE94A7-7F4D-6DC6-A591-EB5C206CE0F5" localFKIndex="67513D09-251D-6A26-D580-75BC17CC15C7" name="Sucursal_Comuna_FK">
<createdBy>lianl</createdBy>
<createdTime>2026-02-08 17:56:14 UTC</createdTime>
<generatorID>2AE37525-1A46-ABBA-1DF5-DAF46D4302BC</generatorID>
<ownerDesignName>sumativa2</ownerDesignName>
<referredTableLongName>Comuna</referredTableLongName>
<deleteRule>NO ACTION</deleteRule>
<referredTableID>DCE3CDFA-76F6-D0EA-5E27-52C20A973E3A</referredTableID>
<keyObject>54D4131A-9B97-CEB3-B628-C16287E83BF1</keyObject>
<referredKeyID>54D4131A-9B97-CEB3-B628-C16287E83BF1</referredKeyID>
<mandatory>true</mandatory>
<refColNames>id_comuna</refColNames>
<transferable>true</transferable>
<rely>false</rely>
<columnDependencyConstraintGenerateInDDL>true</columnDependencyConstraintGenerateInDDL>
</FKIndexAssociation>