<?xml version = '1.0' encoding = 'UTF-8'?>
<Relation class="oracle.dbtools.crest.model.design.logical.Relation" name="Contrato Cargo FK" directorySegmentName="seg_0" id="1353FC36-39C1-5A2F-D401-C23370FFD3D8">
<createdBy>lianl</createdBy>
<createdTime>2026-01-24 22:57:04 UTC</createdTime>
<ownerDesignName>modelo</ownerDesignName>
<engineerTo>
<item key="1C536239-8748-0834-D9BD-A5FAEBD67753" value="true"/>
</engineerTo>
<sourcePk>5D3401E3-265E-22F1-773F-D45C3F7D6767</sourcePk>
<identifying>false</identifying>
<optionalSource>true</optionalSource>
<optionalTarget>false</optionalTarget>
<sourceCardinality>1</sourceCardinality>
<sourceEntity>74B24F6A-0862-F114-28F8-B0F0123AEA39</sourceEntity>
<targetCardinalityString>*</targetCardinalityString>
<targetEntity>1D84B136-0484-2025-359E-A8C89804A88A</targetEntity>
<transferable>true</transferable>
<deleteRule>NO ACTION</deleteRule>
</Relation>