<?xml version = '1.0' encoding = 'UTF-8'?>
<Relation class="oracle.dbtools.crest.model.design.logical.Relation" name="Boleta Cliente FK" directorySegmentName="seg_0" id="22D676BD-B17D-8235-E377-F3902EBD0BC6">
<createdBy>lianl</createdBy>
<createdTime>2026-01-24 22:02:46 UTC</createdTime>
<ownerDesignName>modelo</ownerDesignName>
<engineerTo>
<item key="1C536239-8748-0834-D9BD-A5FAEBD67753" value="true"/>
</engineerTo>
<sourcePk>45FC04BB-1D03-11D6-4521-55B6EB4D18EC</sourcePk>
<identifying>false</identifying>
<optionalSource>true</optionalSource>
<optionalTarget>false</optionalTarget>
<sourceCardinality>1</sourceCardinality>
<sourceEntity>9445B543-0760-0E16-328B-CC631EF2ECBF</sourceEntity>
<targetCardinalityString>*</targetCardinalityString>
<targetEntity>2D01CA5B-A4C4-D7A5-C329-6ED7AFFB833E</targetEntity>
<transferable>true</transferable>
<deleteRule>NO ACTION</deleteRule>
</Relation>