<?xml version = '1.0' encoding = 'UTF-8'?>
<Relation class="oracle.dbtools.crest.model.design.logical.Relation" name="Detalle boleta Producto FK" directorySegmentName="seg_0" id="514E6649-C271-6861-884D-315F1195B48D">
<createdBy>lianl</createdBy>
<createdTime>2026-01-24 22:58:51 UTC</createdTime>
<ownerDesignName>modelo</ownerDesignName>
<engineerTo>
<item key="1C536239-8748-0834-D9BD-A5FAEBD67753" value="true"/>
</engineerTo>
<sourcePk>2BF3DA8F-27B3-A505-8283-7E776578B07C</sourcePk>
<identifying>false</identifying>
<optionalSource>true</optionalSource>
<optionalTarget>false</optionalTarget>
<sourceCardinality>1</sourceCardinality>
<sourceEntity>A4A8A564-0D15-02B3-1561-860CA47F1C2F</sourceEntity>
<targetCardinalityString>*</targetCardinalityString>
<targetEntity>4BEF3BB0-AF46-99E8-43C1-30F793469F9B</targetEntity>
<transferable>true</transferable>
<deleteRule>NO ACTION</deleteRule>
</Relation>