<?xml version = '1.0' encoding = 'UTF-8'?>
<Relation class="oracle.dbtools.crest.model.design.logical.Relation" name="Contrato Trabajador FK" directorySegmentName="seg_0" id="5C3886AB-E87A-7D95-F1B2-7C9371A75484">
<createdBy>lianl</createdBy>
<createdTime>2026-01-25 15:38:25 UTC</createdTime>
<ownerDesignName>modelo</ownerDesignName>
<engineerTo>
<item key="1C536239-8748-0834-D9BD-A5FAEBD67753" value="true"/>
</engineerTo>
<sourcePk>BC3DC83B-5D13-3225-7A4F-424BD5C780FA</sourcePk>
<identifying>false</identifying>
<optionalSource>true</optionalSource>
<optionalTarget>false</optionalTarget>
<sourceCardinality>1</sourceCardinality>
<sourceEntity>C3CF6D9D-4685-3458-71C8-4BAB1C7B1738</sourceEntity>
<targetCardinalityString>*</targetCardinalityString>
<targetEntity>1D84B136-0484-2025-359E-A8C89804A88A</targetEntity>
<transferable>true</transferable>
<deleteRule>NO ACTION</deleteRule>
</Relation>