<?xml version = '1.0' encoding = 'UTF-8'?>
<Relation class="oracle.dbtools.crest.model.design.logical.Relation" name="Detalle boleta Boleta FK" directorySegmentName="seg_0" id="627049A5-E5ED-48F6-D18D-4CC8A93F2A28">
<createdBy>lianl</createdBy>
<createdTime>2026-01-24 22:58:59 UTC</createdTime>
<ownerDesignName>modelo</ownerDesignName>
<engineerTo>
<item key="1C536239-8748-0834-D9BD-A5FAEBD67753" value="true"/>
</engineerTo>
<sourcePk>F9860F40-80F2-298A-B34D-9236DE8F3BD7</sourcePk>
<identifying>false</identifying>
<optionalSource>true</optionalSource>
<optionalTarget>false</optionalTarget>
<sourceCardinality>1</sourceCardinality>
<sourceEntity>2D01CA5B-A4C4-D7A5-C329-6ED7AFFB833E</sourceEntity>
<targetCardinalityString>*</targetCardinalityString>
<targetEntity>4BEF3BB0-AF46-99E8-43C1-30F793469F9B</targetEntity>
<transferable>true</transferable>
<deleteRule>NO ACTION</deleteRule>
</Relation>