<?xml version = '1.0' encoding = 'UTF-8'?>
<Relation class="oracle.dbtools.crest.model.design.logical.Relation" name="Contrato Sucursal FK" directorySegmentName="seg_0" id="787908F1-271D-F7E4-E496-B41E16664F5A">
<createdBy>lianl</createdBy>
<createdTime>2026-01-24 22:40:32 UTC</createdTime>
<ownerDesignName>modelo</ownerDesignName>
<engineerTo>
<item key="1C536239-8748-0834-D9BD-A5FAEBD67753" value="true"/>
</engineerTo>
<sourcePk>E385C3B0-EA73-5DB5-E629-C232EFE0A482</sourcePk>
<identifying>false</identifying>
<optionalSource>true</optionalSource>
<optionalTarget>false</optionalTarget>
<sourceCardinality>1</sourceCardinality>
<sourceEntity>9F59E391-8D25-D428-326A-EFC1661EA31A</sourceEntity>
<targetCardinalityString>*</targetCardinalityString>
<targetEntity>1D84B136-0484-2025-359E-A8C89804A88A</targetEntity>
<transferable>true</transferable>
<deleteRule>NO ACTION</deleteRule>
</Relation>