<?xml version = '1.0' encoding = 'UTF-8'?>
<Relation class="oracle.dbtools.crest.model.design.logical.Relation" name="Boleta Trabajador FK" directorySegmentName="seg_0" id="8D7ABDBF-EE87-70FC-A186-A58D833655D2">
<createdBy>lianl</createdBy>
<createdTime>2026-01-24 22:58:03 UTC</createdTime>
<ownerDesignName>modelo</ownerDesignName>
<engineerTo>
<item key="1C536239-8748-0834-D9BD-A5FAEBD67753" value="true"/>
</engineerTo>
<sourcePk>BC3DC83B-5D13-3225-7A4F-424BD5C780FA</sourcePk>
<identifying>false</identifying>
<optionalSource>true</optionalSource>
<optionalTarget>false</optionalTarget>
<sourceCardinality>1</sourceCardinality>
<sourceEntity>C3CF6D9D-4685-3458-71C8-4BAB1C7B1738</sourceEntity>
<targetCardinalityString>*</targetCardinalityString>
<targetEntity>2D01CA5B-A4C4-D7A5-C329-6ED7AFFB833E</targetEntity>
<transferable>true</transferable>
<deleteRule>NO ACTION</deleteRule>
</Relation>