<?xml version = '1.0' encoding = 'UTF-8'?>
<Relation class="oracle.dbtools.crest.model.design.logical.Relation" name="Relation_11" directorySegmentName="seg_0" id="82B4CCB9-81D6-319F-11E9-C76889035F67">
<createdBy>lianl</createdBy>
<createdTime>2026-01-31 22:00:16 UTC</createdTime>
<ownerDesignName>sumativa</ownerDesignName>
<engineerTo>
<item key="8F17375C-7890-8D43-0141-7222F5C201AE" value="true"/>
</engineerTo>
<sourcePk>4FE1537E-3645-042D-D054-D942B86F3754</sourcePk>
<identifying>false</identifying>
<optionalSource>true</optionalSource>
<optionalTarget>false</optionalTarget>
<sourceCardinality>1</sourceCardinality>
<sourceEntity>411C6D6B-6EB3-59B0-07AF-09E8ABC0860E</sourceEntity>
<targetCardinalityString>*</targetCardinalityString>
<targetEntity>C081E7FA-7C0A-895A-D43F-5993BC942338</targetEntity>
<transferable>true</transferable>
<deleteRule>NO ACTION</deleteRule>
</Relation>