<?xml version = '1.0' encoding = 'UTF-8'?>
<Relation class="oracle.dbtools.crest.model.design.logical.Relation" name="Relation_12" directorySegmentName="seg_0" id="B4462D60-BB06-92B4-6DBA-AE06F57EEA29">
<createdBy>lianl</createdBy>
<createdTime>2026-01-31 22:00:20 UTC</createdTime>
<ownerDesignName>sumativa</ownerDesignName>
<engineerTo>
<item key="8F17375C-7890-8D43-0141-7222F5C201AE" value="true"/>
</engineerTo>
<sourcePk>A82B3292-4183-A5FA-5F75-67FAA0210CA5</sourcePk>
<identifying>false</identifying>
<optionalSource>true</optionalSource>
<optionalTarget>false</optionalTarget>
<sourceCardinality>1</sourceCardinality>
<sourceEntity>AD6A29B3-2724-432E-533B-E6FBB07F5F88</sourceEntity>
<targetCardinalityString>*</targetCardinalityString>
<targetEntity>C081E7FA-7C0A-895A-D43F-5993BC942338</targetEntity>
<transferable>true</transferable>
<deleteRule>NO ACTION</deleteRule>
</Relation>