<?xml version = '1.0' encoding = 'UTF-8'?>
<Relation class="oracle.dbtools.crest.model.design.logical.Relation" name="Relation_9" directorySegmentName="seg_0" id="DBE87E0B-8937-7E99-DD06-4E19E4730366">
<createdBy>lianl</createdBy>
<createdTime>2026-01-31 21:55:00 UTC</createdTime>
<ownerDesignName>sumativa</ownerDesignName>
<engineerTo>
<item key="8F17375C-7890-8D43-0141-7222F5C201AE" value="true"/>
</engineerTo>
<sourcePk>D70BA162-86B5-F8F2-ED66-4C672C2CFC9E</sourcePk>
<identifying>false</identifying>
<optionalSource>true</optionalSource>
<optionalTarget>false</optionalTarget>
<sourceCardinality>1</sourceCardinality>
<sourceEntity>45AE772C-5FF6-54D2-C789-82ED020DC5BD</sourceEntity>
<targetCardinalityString>*</targetCardinalityString>
<targetEntity>1330B840-5C1A-1788-057B-3CB5EBB83D11</targetEntity>
<transferable>true</transferable>
<deleteRule>NO ACTION</deleteRule>
</Relation>