<?xml version = '1.0' encoding = 'UTF-8'?>
<Relation class="oracle.dbtools.crest.model.design.logical.Relation" name="Relation_10" directorySegmentName="seg_0" id="E4843F86-54D7-7CE0-D4AD-283A69D8124E">
<createdBy>lianl</createdBy>
<createdTime>2026-01-31 21:55:21 UTC</createdTime>
<ownerDesignName>sumativa</ownerDesignName>
<engineerTo>
<item key="8F17375C-7890-8D43-0141-7222F5C201AE" value="true"/>
</engineerTo>
<sourcePk>77B3FBA0-D720-90DA-3093-0AB4F540DF0C</sourcePk>
<identifying>false</identifying>
<optionalSource>true</optionalSource>
<optionalTarget>false</optionalTarget>
<sourceCardinality>1</sourceCardinality>
<sourceEntity>1C10AAEF-970F-6E57-51C2-A745ABD5A397</sourceEntity>
<targetCardinalityString>*</targetCardinalityString>
<targetEntity>1330B840-5C1A-1788-057B-3CB5EBB83D11</targetEntity>
<transferable>true</transferable>
<deleteRule>NO ACTION</deleteRule>
</Relation>