<?xml version = '1.0' encoding = 'UTF-8'?>
<Relation class="oracle.dbtools.crest.model.design.logical.Relation" name="Relation_5" directorySegmentName="seg_0" id="FBE33EAD-C890-F348-78E8-866C0BC6FC14">
<createdBy>lianl</createdBy>
<createdTime>2026-01-31 21:31:57 UTC</createdTime>
<ownerDesignName>sumativa</ownerDesignName>
<engineerTo>
<item key="8F17375C-7890-8D43-0141-7222F5C201AE" value="true"/>
</engineerTo>
<sourcePk>573C78A1-4B5A-4E60-5B02-045BDC599DE4</sourcePk>
<identifying>false</identifying>
<optionalSource>true</optionalSource>
<optionalTarget>false</optionalTarget>
<sourceCardinality>1</sourceCardinality>
<sourceEntity>063B2AFD-C1E5-8206-1EFE-15F9E7CD6D18</sourceEntity>
<targetCardinalityString>*</targetCardinalityString>
<targetEntity>E757A688-55CD-028A-0503-741E64DC897A</targetEntity>
<transferable>true</transferable>
<deleteRule>NO ACTION</deleteRule>
</Relation>