<?xml version = '1.0' encoding = 'UTF-8'?>
<FKArc class="oracle.dbtools.crest.model.design.relational.FKArc" directorySegmentName="seg_0" id="2A5A4CB5-6328-0780-332A-0C7FA3F2F107" name="FKArc_5">
<createdBy>lianl</createdBy>
<createdTime>2026-01-25 17:20:58 UTC</createdTime>
<ownerDesignName>modelo</ownerDesignName>
<mandatory>false</mandatory>
<reverseArc>true</reverseArc>
<table>C90163B0-63BE-5C0B-51A2-69969A6D061C</table>
<fkeys>
<fkeyID>99AC2515-0FDF-36DE-A545-780D7DAF3FCB</fkeyID>
<fkeyID>FFC6F5C2-BDE1-A460-A010-99B9859CF23B</fkeyID>
</fkeys>
</FKArc>