<?xml version = '1.0' encoding = 'UTF-8'?>
<FKArc class="oracle.dbtools.crest.model.design.relational.FKArc" directorySegmentName="seg_0" id="8905B6FD-CBDA-4AAA-1CF6-E4810955918D" name="FKArc_4">
<createdBy>lianl</createdBy>
<createdTime>2026-01-25 17:20:58 UTC</createdTime>
<ownerDesignName>modelo</ownerDesignName>
<mandatory>false</mandatory>
<reverseArc>true</reverseArc>
<table>0873E118-3199-2631-1A1A-724D979C8F95</table>
<fkeys>
<fkeyID>80F2E87A-79AA-CDCE-1728-BEE60D0D85A1</fkeyID>
<fkeyID>1B4E27AE-F4C9-1F6B-0C25-AF5DBD3AE68B</fkeyID>
</fkeys>
</FKArc>