<?xml version = '1.0' encoding = 'UTF-8'?>
<FKIndexAssociation class="oracle.dbtools.crest.model.design.relational.FKIndexAssociation" directorySegmentName="seg_0" id="270D9281-0C92-4E5D-B00D-3E6F7188D494" containerWithKeyObject="B5C6E245-DB8D-F2C6-9083-269BB37A2E62" localFKIndex="80B5629B-D4EE-6DCE-9728-96DAB611F60E" name="Postulacion_nacional_Postulacion_FK">
<createdBy>lianl</createdBy>
<createdTime>2026-01-31 22:04:52 UTC</createdTime>
<generatorID>773A8BE2-9AAB-CC99-B669-1FCF08F803B2</generatorID>
<ownerDesignName>sumativa</ownerDesignName>
<referredTableLongName>Postulacion</referredTableLongName>
<arc>75D00ECA-B35B-3C3D-AB82-10C8F75F8D2B</arc>
<deleteRule>NO ACTION</deleteRule>
<referredTableID>9139D36F-D88C-C36E-75C2-2FE7B9C734E6</referredTableID>
<keyObject>6A38F707-E914-5D81-4645-9C7997F86EE6</keyObject>
<referredKeyID>6A38F707-E914-5D81-4645-9C7997F86EE6</referredKeyID>
<mandatory>true</mandatory>
<refColNames>id_postulacion</refColNames>
<transferable>true</transferable>
<rely>false</rely>
<columnDependencyConstraintGenerateInDDL>true</columnDependencyConstraintGenerateInDDL>
</FKIndexAssociation>