<?xml version = '1.0' encoding = 'UTF-8'?>
<FKIndexAssociation class="oracle.dbtools.crest.model.design.relational.FKIndexAssociation" directorySegmentName="seg_0" id="9B624FE0-3B20-13BB-F2DE-4EF6D6BCC323" containerWithKeyObject="20EC8913-65B5-5E75-EF50-2335447B873A" localFKIndex="EF3185D3-F746-75D9-8A48-5C14CBFD93A4" name="Postulante_profesion_Profesion_FK">
<createdBy>lianl</createdBy>
<createdTime>2026-01-31 22:04:52 UTC</createdTime>
<generatorID>82B4CCB9-81D6-319F-11E9-C76889035F67</generatorID>
<ownerDesignName>sumativa</ownerDesignName>
<referredTableLongName>Profesion</referredTableLongName>
<deleteRule>NO ACTION</deleteRule>
<referredTableID>F44194D6-8A9A-5A2C-2147-CA8DB8AD3C24</referredTableID>
<keyObject>DB98840E-045B-88FE-BD48-1314B832A592</keyObject>
<referredKeyID>DB98840E-045B-88FE-BD48-1314B832A592</referredKeyID>
<mandatory>true</mandatory>
<refColNames>id_profesion</refColNames>
<transferable>true</transferable>
<rely>false</rely>
<columnDependencyConstraintGenerateInDDL>true</columnDependencyConstraintGenerateInDDL>
</FKIndexAssociation>