<?xml version = '1.0' encoding = 'UTF-8'?>
<FKIndexAssociation class="oracle.dbtools.crest.model.design.relational.FKIndexAssociation" directorySegmentName="seg_0" id="CDEF722C-8046-BD41-D9AC-2D114A56EDC3" containerWithKeyObject="9139D36F-D88C-C36E-75C2-2FE7B9C734E6" localFKIndex="F386D45D-99E2-C0D3-8532-2490B3033DBC" name="Postulacion_Empresa_FK">
<createdBy>lianl</createdBy>
<createdTime>2026-01-31 22:04:52 UTC</createdTime>
<generatorID>FBE33EAD-C890-F348-78E8-866C0BC6FC14</generatorID>
<ownerDesignName>sumativa</ownerDesignName>
<referredTableLongName>Empresa</referredTableLongName>
<deleteRule>NO ACTION</deleteRule>
<referredTableID>E024680D-31F3-F716-5842-71B10FB6DC0A</referredTableID>
<keyObject>E4E7AFCD-81B6-6F32-E433-EA4D7D2196AC</keyObject>
<referredKeyID>E4E7AFCD-81B6-6F32-E433-EA4D7D2196AC</referredKeyID>
<mandatory>true</mandatory>
<refColNames>id_empresa</refColNames>
<transferable>true</transferable>
<rely>false</rely>
<columnDependencyConstraintGenerateInDDL>true</columnDependencyConstraintGenerateInDDL>
</FKIndexAssociation>