<?xml version = '1.0' encoding = 'UTF-8'?>
<FKIndexAssociation class="oracle.dbtools.crest.model.design.relational.FKIndexAssociation" directorySegmentName="seg_0" id="EDC3C38A-F031-A466-C70F-4BD7763E01F6" containerWithKeyObject="B43D5346-43D5-7AEF-B86F-623141C21F59" localFKIndex="37845804-8B97-72E9-1D58-A51C0D906AAE" name="Postulante_Postulacion_FK">
<createdBy>lianl</createdBy>
<createdTime>2026-01-31 22:04:52 UTC</createdTime>
<generatorID>77925378-9856-10DC-2413-4A69D5517495</generatorID>
<ownerDesignName>sumativa</ownerDesignName>
<referredTableLongName>Postulacion</referredTableLongName>
<deleteRule>NO ACTION</deleteRule>
<referredTableID>9139D36F-D88C-C36E-75C2-2FE7B9C734E6</referredTableID>
<keyObject>6A38F707-E914-5D81-4645-9C7997F86EE6</keyObject>
<referredKeyID>6A38F707-E914-5D81-4645-9C7997F86EE6</referredKeyID>
<mandatory>true</mandatory>
<refColNames>id_postulacion</refColNames>
<transferable>true</transferable>
<rely>false</rely>
<columnDependencyConstraintGenerateInDDL>true</columnDependencyConstraintGenerateInDDL>
</FKIndexAssociation>