<?xml version = '1.0' encoding = 'UTF-8'?>
<FKIndexAssociation class="oracle.dbtools.crest.model.design.relational.FKIndexAssociation" directorySegmentName="seg_0" id="F1218EB0-0290-C42F-A71A-84058F6FC589" containerWithKeyObject="20EC8913-65B5-5E75-EF50-2335447B873A" localFKIndex="7907686B-D457-B668-0B1F-FB7E03ACC4B7" name="Postulante_profesion_Postulante_FK">
<createdBy>lianl</createdBy>
<createdTime>2026-01-31 22:04:52 UTC</createdTime>
<generatorID>B4462D60-BB06-92B4-6DBA-AE06F57EEA29</generatorID>
<ownerDesignName>sumativa</ownerDesignName>
<referredTableLongName>Postulante</referredTableLongName>
<deleteRule>NO ACTION</deleteRule>
<referredTableID>B43D5346-43D5-7AEF-B86F-623141C21F59</referredTableID>
<keyObject>468F548A-0317-BB37-FC50-DD5FC8B70BEB</keyObject>
<referredKeyID>468F548A-0317-BB37-FC50-DD5FC8B70BEB</referredKeyID>
<mandatory>true</mandatory>
<refColNames>id_postulante</refColNames>
<transferable>true</transferable>
<rely>false</rely>
<columnDependencyConstraintGenerateInDDL>true</columnDependencyConstraintGenerateInDDL>
</FKIndexAssociation>