<?xml version = '1.0' encoding = 'UTF-8'?>
<Relation class="oracle.dbtools.crest.model.design.logical.InheritanceRelation" name="Hierarchy_1" directorySegmentName="seg_0" id="32AA017D-0674-B752-EB00-E19E167669C4">
<createdBy>lianl</createdBy>
<createdTime>2026-01-31 21:03:46 UTC</createdTime>
<ownerDesignName>sumativa</ownerDesignName>
<engineerTo>
<item key="8F17375C-7890-8D43-0141-7222F5C201AE" value="true"/>
</engineerTo>
<identifying>false</identifying>
<nameOnSource>Super Type</nameOnSource>
<nameOnTarget>Sub Type</nameOnTarget>
<optionalSource>true</optionalSource>
<optionalTarget>true</optionalTarget>
<sourceEntity>E757A688-55CD-028A-0503-741E64DC897A</sourceEntity>
<targetEntity>1C10AAEF-970F-6E57-51C2-A745ABD5A397</targetEntity>
<transferable>true</transferable>
<deleteRule>NO ACTION</deleteRule>
</Relation>