<?xml version = '1.0' encoding = 'UTF-8'?>
<Entity class="oracle.dbtools.crest.model.design.logical.Entity" directorySegmentName="seg_0" id="3E198341-33AC-8592-6B5B-009E5362C794" name="Producto">
<createdBy>lianl</createdBy>
<createdTime>2026-02-08 16:47:02 UTC</createdTime>
<ownerDesignName>sumativa2</ownerDesignName>
<engineerTo>
<item key="78C76945-E111-3E3B-E379-C11503E03B85" value="true"/>
</engineerTo>
<adequatelyNormalized>NO</adequatelyNormalized>
<expectedVolumes>0</expectedVolumes>
<fwdEngineeringStrategyName>Single Table</fwdEngineeringStrategyName>
<growthPercent>0</growthPercent>
<growthType>Year</growthType>
<maxVolumes>9999999</maxVolumes>
<minVolumes>0</minVolumes>
<normalForm>Third</normalForm>
<attributes itemClass="oracle.dbtools.crest.model.design.logical.Attribute">
<Attribute name="id_producto" id="D79FCB59-991D-BA4F-5E03-98120CD79F33">
<createdBy>lianl</createdBy>
<createdTime>2026-02-08 17:25:08 UTC</createdTime>
<ownerDesignName>sumativa2</ownerDesignName>
<engineerTo>
<item key="78C76945-E111-3E3B-E379-C11503E03B85" value="true"/>
</engineerTo>
<useDomainConstraints>false</useDomainConstraints>
<use>1</use>
<logicalDatatype>LOGDT019</logicalDatatype>
<dataTypePrecision>4</dataTypePrecision>
<ownDataTypeParameters>,4,</ownDataTypeParameters>
</Attribute>
<Attribute name="precio" id="F451362D-CE0C-796B-3752-BE96EB9D2FFB">
<createdBy>lianl</createdBy>
<createdTime>2026-02-08 17:26:16 UTC</createdTime>
<ownerDesignName>sumativa2</ownerDesignName>
<engineerTo>
<item key="78C76945-E111-3E3B-E379-C11503E03B85" value="true"/>
</engineerTo>
<useDomainConstraints>false</useDomainConstraints>
<use>1</use>
<logicalDatatype>LOGDT019</logicalDatatype>
<dataTypePrecision>7</dataTypePrecision>
<ownDataTypeParameters>,7,</ownDataTypeParameters>
</Attribute>
<Attribute name="stock" id="C4A460AA-1B55-AE73-B3A1-92C75B708B5F">
<createdBy>lianl</createdBy>
<createdTime>2026-02-08 17:26:46 UTC</createdTime>
<ownerDesignName>sumativa2</ownerDesignName>
<engineerTo>
<item key="78C76945-E111-3E3B-E379-C11503E03B85" value="true"/>
</engineerTo>
<useDomainConstraints>false</useDomainConstraints>
<use>1</use>
<logicalDatatype>LOGDT019</logicalDatatype>
<dataTypePrecision>4</dataTypePrecision>
<ownDataTypeParameters>,4,</ownDataTypeParameters>
</Attribute>
<Attribute name="fecha_vencimiento" id="B7F6F167-10C9-BDCF-D272-544A1BBDB0FB">
<createdBy>lianl</createdBy>
<createdTime>2026-02-08 17:27:48 UTC</createdTime>
<ownerDesignName>sumativa2</ownerDesignName>
<engineerTo>
<item key="78C76945-E111-3E3B-E379-C11503E03B85" value="true"/>
</engineerTo>
<nullsAllowed>true</nullsAllowed>
<useDomainConstraints>false</useDomainConstraints>
<use>1</use>
<logicalDatatype>LOGDT007</logicalDatatype>
<ownDataTypeParameters>,,</ownDataTypeParameters>
</Attribute>
<Attribute name="id_sucursal" id="057FAD76-D7EB-84B6-7BE5-690DC8ED11A4">
<createdBy>lianl</createdBy>
<createdTime>2026-02-08 17:37:08 UTC</createdTime>
<generatorID>20620BC7-1853-9425-1F52-DE78C4697C9E</generatorID>
<ownerDesignName>sumativa2</ownerDesignName>
<engineerTo>
<item key="78C76945-E111-3E3B-E379-C11503E03B85" value="true"/>
</engineerTo>
<referedAttribute>D6032F66-7D7B-7BB4-8AE0-B8D09B60D5C4</referedAttribute>
<useDomainConstraints>false</useDomainConstraints>
<use>1</use>
<logicalDatatype>LOGDT019</logicalDatatype>
<dataTypePrecision>3</dataTypePrecision>
<ownDataTypeParameters>,,</ownDataTypeParameters>
</Attribute>
<Attribute name="id_modelo" id="07707DDF-21CD-A9F7-F8BB-2CBF72E04F96">
<createdBy>lianl</createdBy>
<createdTime>2026-02-08 17:40:02 UTC</createdTime>
<generatorID>E51AD8A4-A16A-B2BB-FBD6-5AAB550514AC</generatorID>
<ownerDesignName>sumativa2</ownerDesignName>
<engineerTo>
<item key="78C76945-E111-3E3B-E379-C11503E03B85" value="true"/>
</engineerTo>
<referedAttribute>5AA6511E-89DA-B7B9-FB1F-C42808196412</referedAttribute>
<useDomainConstraints>false</useDomainConstraints>
<use>1</use>
<logicalDatatype>LOGDT019</logicalDatatype>
<dataTypePrecision>3</dataTypePrecision>
<ownDataTypeParameters>,,</ownDataTypeParameters>
</Attribute>
<Attribute name="id_categoria" id="23BEDB4B-4182-0730-EAC6-55E29B4B3BF6">
<createdBy>lianl</createdBy>
<createdTime>2026-02-08 17:40:31 UTC</createdTime>
<generatorID>00C66E90-1A4F-BC7C-2D0D-44B4246BB151</generatorID>
<ownerDesignName>sumativa2</ownerDesignName>
<engineerTo>
<item key="78C76945-E111-3E3B-E379-C11503E03B85" value="true"/>
</engineerTo>
<referedAttribute>BEC22DD9-1288-2FA0-6071-E32EE67A077A</referedAttribute>
<useDomainConstraints>false</useDomainConstraints>
<use>1</use>
<logicalDatatype>LOGDT019</logicalDatatype>
<dataTypePrecision>3</dataTypePrecision>
<ownDataTypeParameters>,,</ownDataTypeParameters>
</Attribute>
<Attribute name="id_proveedor" id="EF887B06-6050-51B2-1587-0C802D305999">
<createdBy>lianl</createdBy>
<createdTime>2026-02-08 17:40:48 UTC</createdTime>
<generatorID>48E8C321-54DF-CF88-B231-4FBF97DA0B89</generatorID>
<ownerDesignName>sumativa2</ownerDesignName>
<engineerTo>
<item key="78C76945-E111-3E3B-E379-C11503E03B85" value="true"/>
</engineerTo>
<referedAttribute>6F2EEE96-442E-E94C-75BB-B6F1FEDA4C54</referedAttribute>
<useDomainConstraints>false</useDomainConstraints>
<use>1</use>
<logicalDatatype>LOGDT019</logicalDatatype>
<dataTypePrecision>3</dataTypePrecision>
<ownDataTypeParameters>,,</ownDataTypeParameters>
</Attribute>
<Attribute name="id_detalle_boleta" id="05D3497D-0EA9-5BD4-6A7A-6D0EFF6010A3">
<createdBy>lianl</createdBy>
<createdTime>2026-02-08 17:45:24 UTC</createdTime>
<generatorID>B29EE3E8-75E3-9210-3B9C-741CC7D6FB2C</generatorID>
<ownerDesignName>sumativa2</ownerDesignName>
<engineerTo>
<item key="78C76945-E111-3E3B-E379-C11503E03B85" value="true"/>
</engineerTo>
<nullsAllowed>true</nullsAllowed>
<referedAttribute>2A99429F-0CB6-846F-5AEA-ABCE33E9A558</referedAttribute>
<useDomainConstraints>false</useDomainConstraints>
<use>1</use>
<logicalDatatype>LOGDT019</logicalDatatype>
<dataTypePrecision>5</dataTypePrecision>
<ownDataTypeParameters>,,</ownDataTypeParameters>
</Attribute>
</attributes>
<identifiers itemClass="oracle.dbtools.crest.model.design.logical.CandidateKey">
<identifier id="CD44E583-4377-DF4E-75CA-7A16F1F1EB27" name="Producto PK">
<createdBy>lianl</createdBy>
<createdTime>2026-02-08 17:25:22 UTC</createdTime>
<ownerDesignName>sumativa2</ownerDesignName>
<engineerTo>
<item key="78C76945-E111-3E3B-E379-C11503E03B85" value="true"/>
</engineerTo>
<pk>true</pk>
<usedAttributes>
<attributeRef>D79FCB59-991D-BA4F-5E03-98120CD79F33</attributeRef>
</usedAttributes>
</identifier>
</identifiers>
</Entity>