<?xml version = '1.0' encoding = 'UTF-8'?>
<Entity class="oracle.dbtools.crest.model.design.logical.Entity" directorySegmentName="seg_0" id="3FF92BF2-D66D-8D39-C927-3B8A3ABDE5DA" name="Proveedor">
<createdBy>lianl</createdBy>
<createdTime>2026-02-08 16:46:38 UTC</createdTime>
<ownerDesignName>sumativa2</ownerDesignName>
<engineerTo>
<item key="78C76945-E111-3E3B-E379-C11503E03B85" value="true"/>
</engineerTo>
<adequatelyNormalized>NO</adequatelyNormalized>
<expectedVolumes>0</expectedVolumes>
<fwdEngineeringStrategyName>Single Table</fwdEngineeringStrategyName>
<growthPercent>0</growthPercent>
<growthType>Year</growthType>
<maxVolumes>9999999</maxVolumes>
<minVolumes>0</minVolumes>
<normalForm>Third</normalForm>
<attributes itemClass="oracle.dbtools.crest.model.design.logical.Attribute">
<Attribute name="id_proveedor" id="6F2EEE96-442E-E94C-75BB-B6F1FEDA4C54">
<createdBy>lianl</createdBy>
<createdTime>2026-02-08 17:08:36 UTC</createdTime>
<ownerDesignName>sumativa2</ownerDesignName>
<engineerTo>
<item key="78C76945-E111-3E3B-E379-C11503E03B85" value="true"/>
</engineerTo>
<useDomainConstraints>false</useDomainConstraints>
<use>1</use>
<logicalDatatype>LOGDT019</logicalDatatype>
<dataTypePrecision>3</dataTypePrecision>
<ownDataTypeParameters>,3,</ownDataTypeParameters>
</Attribute>
<Attribute name="tipo_proveedor" id="3B8F2943-E481-73A1-0CEF-386695D8231B">
<createdBy>lianl</createdBy>
<createdTime>2026-02-08 17:09:48 UTC</createdTime>
<ownerDesignName>sumativa2</ownerDesignName>
<engineerTo>
<item key="78C76945-E111-3E3B-E379-C11503E03B85" value="true"/>
</engineerTo>
<useDomainConstraints>false</useDomainConstraints>
<use>1</use>
<logicalDatatype>LOGDT024</logicalDatatype>
<dataTypeSize>20</dataTypeSize>
<ownDataTypeParameters>20,,</ownDataTypeParameters>
</Attribute>
<Attribute name="fono" id="EFFF014D-3043-9341-541E-9609063AD8A0">
<createdBy>lianl</createdBy>
<createdTime>2026-02-08 17:23:08 UTC</createdTime>
<ownerDesignName>sumativa2</ownerDesignName>
<engineerTo>
<item key="78C76945-E111-3E3B-E379-C11503E03B85" value="true"/>
</engineerTo>
<useDomainConstraints>false</useDomainConstraints>
<use>1</use>
<logicalDatatype>LOGDT019</logicalDatatype>
<dataTypePrecision>9</dataTypePrecision>
<ownDataTypeParameters>,9,</ownDataTypeParameters>
</Attribute>
</attributes>
<identifiers itemClass="oracle.dbtools.crest.model.design.logical.CandidateKey">
<identifier id="5D316ED8-D224-162F-9585-A1D2B832500F" name="Proveedor PK">
<createdBy>lianl</createdBy>
<createdTime>2026-02-08 17:08:46 UTC</createdTime>
<ownerDesignName>sumativa2</ownerDesignName>
<engineerTo>
<item key="78C76945-E111-3E3B-E379-C11503E03B85" value="true"/>
</engineerTo>
<pk>true</pk>
<usedAttributes>
<attributeRef>6F2EEE96-442E-E94C-75BB-B6F1FEDA4C54</attributeRef>
</usedAttributes>
</identifier>
<identifier id="95C0183E-290D-6E8E-3D26-869D637A2F45" name="un numero telefonico">
<createdBy>lianl</createdBy>
<createdTime>2026-02-08 17:51:47 UTC</createdTime>
<ownerDesignName>sumativa2</ownerDesignName>
<engineerTo>
<item key="78C76945-E111-3E3B-E379-C11503E03B85" value="true"/>
</engineerTo>
<newElementsIDs>EFFF014D-3043-9341-541E-9609063AD8A0</newElementsIDs>
<usedAttributes>
<attributeRef>EFFF014D-3043-9341-541E-9609063AD8A0</attributeRef>
</usedAttributes>
</identifier>
</identifiers>
</Entity>