<?xml version = '1.0' encoding = 'UTF-8'?>
<Entity class="oracle.dbtools.crest.model.design.logical.Entity" directorySegmentName="seg_0" id="574BEF65-7AFF-6EF0-D4BD-0F71A313FAEC" name="Region">
<createdBy>lianl</createdBy>
<createdTime>2026-02-08 16:56:16 UTC</createdTime>
<ownerDesignName>sumativa2</ownerDesignName>
<engineerTo>
<item key="78C76945-E111-3E3B-E379-C11503E03B85" value="true"/>
</engineerTo>
<adequatelyNormalized>NO</adequatelyNormalized>
<expectedVolumes>0</expectedVolumes>
<fwdEngineeringStrategyName>Single Table</fwdEngineeringStrategyName>
<growthPercent>0</growthPercent>
<growthType>Year</growthType>
<maxVolumes>9999999</maxVolumes>
<minVolumes>0</minVolumes>
<normalForm>Third</normalForm>
<attributes itemClass="oracle.dbtools.crest.model.design.logical.Attribute">
<Attribute name="id_region" id="3D3ADD7D-5FDA-E002-8419-DF5410963BD6">
<createdBy>lianl</createdBy>
<createdTime>2026-02-08 16:56:32 UTC</createdTime>
<ownerDesignName>sumativa2</ownerDesignName>
<engineerTo>
<item key="78C76945-E111-3E3B-E379-C11503E03B85" value="true"/>
</engineerTo>
<useDomainConstraints>false</useDomainConstraints>
<use>1</use>
<logicalDatatype>LOGDT019</logicalDatatype>
<dataTypePrecision>2</dataTypePrecision>
<ownDataTypeParameters>,2,</ownDataTypeParameters>
</Attribute>
<Attribute name="nombre_region" id="B3A57F91-D613-F332-82EB-493332B1BDD2">
<createdBy>lianl</createdBy>
<createdTime>2026-02-08 16:56:54 UTC</createdTime>
<ownerDesignName>sumativa2</ownerDesignName>
<engineerTo>
<item key="78C76945-E111-3E3B-E379-C11503E03B85" value="true"/>
</engineerTo>
<useDomainConstraints>false</useDomainConstraints>
<use>1</use>
<logicalDatatype>LOGDT024</logicalDatatype>
<dataTypeSize>30</dataTypeSize>
<ownDataTypeParameters>30,,</ownDataTypeParameters>
</Attribute>
</attributes>
<identifiers itemClass="oracle.dbtools.crest.model.design.logical.CandidateKey">
<identifier id="C6130207-B79C-5C63-E270-C725C8321C79" name="Region PK">
<createdBy>lianl</createdBy>
<createdTime>2026-02-08 16:57:24 UTC</createdTime>
<ownerDesignName>sumativa2</ownerDesignName>
<engineerTo>
<item key="78C76945-E111-3E3B-E379-C11503E03B85" value="true"/>
</engineerTo>
<pk>true</pk>
<usedAttributes>
<attributeRef>3D3ADD7D-5FDA-E002-8419-DF5410963BD6</attributeRef>
</usedAttributes>
</identifier>
</identifiers>
</Entity>