<?xml version = '1.0' encoding = 'UTF-8'?>
<Entity class="oracle.dbtools.crest.model.design.logical.Entity" directorySegmentName="seg_0" id="60BF4F3D-632D-9EDE-0782-58E7709F6025" name="Detalle_boleta">
<createdBy>lianl</createdBy>
<createdTime>2026-02-08 17:34:27 UTC</createdTime>
<ownerDesignName>sumativa2</ownerDesignName>
<engineerTo>
<item key="78C76945-E111-3E3B-E379-C11503E03B85" value="true"/>
</engineerTo>
<adequatelyNormalized>NO</adequatelyNormalized>
<expectedVolumes>0</expectedVolumes>
<fwdEngineeringStrategyName>Single Table</fwdEngineeringStrategyName>
<growthPercent>0</growthPercent>
<growthType>Year</growthType>
<maxVolumes>9999999</maxVolumes>
<minVolumes>0</minVolumes>
<normalForm>Third</normalForm>
<attributes itemClass="oracle.dbtools.crest.model.design.logical.Attribute">
<Attribute name="id_detalle_boleta" id="2A99429F-0CB6-846F-5AEA-ABCE33E9A558">
<createdBy>lianl</createdBy>
<createdTime>2026-02-08 17:34:33 UTC</createdTime>
<ownerDesignName>sumativa2</ownerDesignName>
<engineerTo>
<item key="78C76945-E111-3E3B-E379-C11503E03B85" value="true"/>
</engineerTo>
<useDomainConstraints>false</useDomainConstraints>
<use>1</use>
<logicalDatatype>LOGDT019</logicalDatatype>
<dataTypePrecision>5</dataTypePrecision>
<ownDataTypeParameters>,5,</ownDataTypeParameters>
</Attribute>
<Attribute name="cantidad" id="63F3B946-1540-C333-C1BB-3C72EF1C17FF">
<createdBy>lianl</createdBy>
<createdTime>2026-02-08 17:35:02 UTC</createdTime>
<ownerDesignName>sumativa2</ownerDesignName>
<engineerTo>
<item key="78C76945-E111-3E3B-E379-C11503E03B85" value="true"/>
</engineerTo>
<useDomainConstraints>false</useDomainConstraints>
<use>1</use>
<logicalDatatype>LOGDT019</logicalDatatype>
<dataTypePrecision>3</dataTypePrecision>
<ownDataTypeParameters>,3,</ownDataTypeParameters>
</Attribute>
<Attribute name="precio_unitario" id="789A3677-F129-25A0-A68C-AB3675C6FB30">
<createdBy>lianl</createdBy>
<createdTime>2026-02-08 17:35:26 UTC</createdTime>
<ownerDesignName>sumativa2</ownerDesignName>
<engineerTo>
<item key="78C76945-E111-3E3B-E379-C11503E03B85" value="true"/>
</engineerTo>
<useDomainConstraints>false</useDomainConstraints>
<use>1</use>
<logicalDatatype>LOGDT019</logicalDatatype>
<dataTypePrecision>7</dataTypePrecision>
<ownDataTypeParameters>,7,</ownDataTypeParameters>
</Attribute>
</attributes>
<identifiers itemClass="oracle.dbtools.crest.model.design.logical.CandidateKey">
<identifier id="A9EEAD8A-69A3-72A9-89F6-73BCAA4EB335" name="Detalle_boleta PK">
<createdBy>lianl</createdBy>
<createdTime>2026-02-08 17:34:52 UTC</createdTime>
<ownerDesignName>sumativa2</ownerDesignName>
<engineerTo>
<item key="78C76945-E111-3E3B-E379-C11503E03B85" value="true"/>
</engineerTo>
<pk>true</pk>
<usedAttributes>
<attributeRef>2A99429F-0CB6-846F-5AEA-ABCE33E9A558</attributeRef>
</usedAttributes>
</identifier>
</identifiers>
</Entity>