<?xml version = '1.0' encoding = 'UTF-8'?>
<Entity class="oracle.dbtools.crest.model.design.logical.Entity" directorySegmentName="seg_0" id="89DA30C4-C6E4-470E-A1D3-0D89DF482EFB" name="Boleta">
<createdBy>lianl</createdBy>
<createdTime>2026-02-08 17:30:23 UTC</createdTime>
<ownerDesignName>sumativa2</ownerDesignName>
<engineerTo>
<item key="78C76945-E111-3E3B-E379-C11503E03B85" value="true"/>
</engineerTo>
<adequatelyNormalized>NO</adequatelyNormalized>
<expectedVolumes>0</expectedVolumes>
<fwdEngineeringStrategyName>Single Table</fwdEngineeringStrategyName>
<growthPercent>0</growthPercent>
<growthType>Year</growthType>
<maxVolumes>9999999</maxVolumes>
<minVolumes>0</minVolumes>
<normalForm>Third</normalForm>
<attributes itemClass="oracle.dbtools.crest.model.design.logical.Attribute">
<Attribute name="id_boleta" id="5F19C429-16FB-88F5-66A3-2FA11FC4B3C3">
<createdBy>lianl</createdBy>
<createdTime>2026-02-08 17:30:31 UTC</createdTime>
<ownerDesignName>sumativa2</ownerDesignName>
<engineerTo>
<item key="78C76945-E111-3E3B-E379-C11503E03B85" value="true"/>
</engineerTo>
<useDomainConstraints>false</useDomainConstraints>
<use>1</use>
<logicalDatatype>LOGDT019</logicalDatatype>
<dataTypePrecision>5</dataTypePrecision>
<ownDataTypeParameters>,5,</ownDataTypeParameters>
</Attribute>
<Attribute name="fecha" id="72971D85-D577-E9E8-FF3D-4C40DE578775">
<createdBy>lianl</createdBy>
<createdTime>2026-02-08 17:31:34 UTC</createdTime>
<ownerDesignName>sumativa2</ownerDesignName>
<engineerTo>
<item key="78C76945-E111-3E3B-E379-C11503E03B85" value="true"/>
</engineerTo>
<useDomainConstraints>false</useDomainConstraints>
<use>1</use>
<logicalDatatype>LOGDT008</logicalDatatype>
<ownDataTypeParameters>,,</ownDataTypeParameters>
</Attribute>
<Attribute name="monto_total" id="46F9595F-22D6-E826-0323-BEDA215348D5">
<createdBy>lianl</createdBy>
<createdTime>2026-02-08 17:32:03 UTC</createdTime>
<ownerDesignName>sumativa2</ownerDesignName>
<engineerTo>
<item key="78C76945-E111-3E3B-E379-C11503E03B85" value="true"/>
</engineerTo>
<useDomainConstraints>false</useDomainConstraints>
<use>1</use>
<logicalDatatype>LOGDT019</logicalDatatype>
<dataTypePrecision>10</dataTypePrecision>
<ownDataTypeParameters>,10,</ownDataTypeParameters>
</Attribute>
<Attribute name="id_cliente" id="C0977189-8088-6871-8C81-897F4B560EA2">
<createdBy>lianl</createdBy>
<createdTime>2026-02-08 17:41:24 UTC</createdTime>
<generatorID>B923C25F-4507-6B81-117B-017744560FB2</generatorID>
<ownerDesignName>sumativa2</ownerDesignName>
<engineerTo>
<item key="78C76945-E111-3E3B-E379-C11503E03B85" value="true"/>
</engineerTo>
<referedAttribute>90F723A3-37BF-6A68-BEF2-A02DEB84A445</referedAttribute>
<useDomainConstraints>false</useDomainConstraints>
<use>1</use>
<logicalDatatype>LOGDT019</logicalDatatype>
<dataTypePrecision>4</dataTypePrecision>
<ownDataTypeParameters>,,</ownDataTypeParameters>
</Attribute>
<Attribute name="id_sucursal" id="E4D73038-858C-C75F-EAF9-79C0E7E87DD7">
<createdBy>lianl</createdBy>
<createdTime>2026-02-08 17:41:52 UTC</createdTime>
<generatorID>4D229E08-5A9B-0863-3174-B50805F1AF08</generatorID>
<ownerDesignName>sumativa2</ownerDesignName>
<engineerTo>
<item key="78C76945-E111-3E3B-E379-C11503E03B85" value="true"/>
</engineerTo>
<referedAttribute>D6032F66-7D7B-7BB4-8AE0-B8D09B60D5C4</referedAttribute>
<useDomainConstraints>false</useDomainConstraints>
<use>1</use>
<logicalDatatype>LOGDT019</logicalDatatype>
<dataTypePrecision>3</dataTypePrecision>
<ownDataTypeParameters>,,</ownDataTypeParameters>
</Attribute>
<Attribute name="id_detalle_boleta" id="F43A628D-16A3-AC57-68C8-3B6D52A3C5EA">
<createdBy>lianl</createdBy>
<createdTime>2026-02-08 17:43:51 UTC</createdTime>
<generatorID>6CBFE592-82F8-CFCF-63D3-5308E4544E8B</generatorID>
<ownerDesignName>sumativa2</ownerDesignName>
<engineerTo>
<item key="78C76945-E111-3E3B-E379-C11503E03B85" value="true"/>
</engineerTo>
<referedAttribute>2A99429F-0CB6-846F-5AEA-ABCE33E9A558</referedAttribute>
<useDomainConstraints>false</useDomainConstraints>
<use>1</use>
<logicalDatatype>LOGDT019</logicalDatatype>
<dataTypePrecision>5</dataTypePrecision>
<ownDataTypeParameters>,,</ownDataTypeParameters>
</Attribute>
</attributes>
<identifiers itemClass="oracle.dbtools.crest.model.design.logical.CandidateKey">
<identifier id="FB35520B-212B-594C-7F7E-2414C7B5AAA5" name="Boleta PK">
<createdBy>lianl</createdBy>
<createdTime>2026-02-08 17:31:32 UTC</createdTime>
<ownerDesignName>sumativa2</ownerDesignName>
<engineerTo>
<item key="78C76945-E111-3E3B-E379-C11503E03B85" value="true"/>
</engineerTo>
<pk>true</pk>
<usedAttributes>
<attributeRef>5F19C429-16FB-88F5-66A3-2FA11FC4B3C3</attributeRef>
</usedAttributes>
</identifier>
</identifiers>
</Entity>