<?xml version = '1.0' encoding = 'UTF-8'?>
<Entity class="oracle.dbtools.crest.model.design.logical.Entity" directorySegmentName="seg_0" id="B0C678A8-1EE1-0F07-23E5-F8BD79E5324D" name="Modelo_producto">
<createdBy>lianl</createdBy>
<createdTime>2026-02-08 17:06:02 UTC</createdTime>
<ownerDesignName>sumativa2</ownerDesignName>
<engineerTo>
<item key="78C76945-E111-3E3B-E379-C11503E03B85" value="true"/>
</engineerTo>
<adequatelyNormalized>NO</adequatelyNormalized>
<expectedVolumes>0</expectedVolumes>
<fwdEngineeringStrategyName>Single Table</fwdEngineeringStrategyName>
<growthPercent>0</growthPercent>
<growthType>Year</growthType>
<maxVolumes>9999999</maxVolumes>
<minVolumes>0</minVolumes>
<normalForm>Third</normalForm>
<attributes itemClass="oracle.dbtools.crest.model.design.logical.Attribute">
<Attribute name="id_modelo" id="5AA6511E-89DA-B7B9-FB1F-C42808196412">
<createdBy>lianl</createdBy>
<createdTime>2026-02-08 17:06:15 UTC</createdTime>
<ownerDesignName>sumativa2</ownerDesignName>
<engineerTo>
<item key="78C76945-E111-3E3B-E379-C11503E03B85" value="true"/>
</engineerTo>
<useDomainConstraints>false</useDomainConstraints>
<use>1</use>
<logicalDatatype>LOGDT019</logicalDatatype>
<dataTypePrecision>3</dataTypePrecision>
<ownDataTypeParameters>,3,</ownDataTypeParameters>
</Attribute>
<Attribute name="nombre_modelo" id="30984230-06F3-345B-7422-03B5F0738846">
<createdBy>lianl</createdBy>
<createdTime>2026-02-08 17:07:11 UTC</createdTime>
<ownerDesignName>sumativa2</ownerDesignName>
<engineerTo>
<item key="78C76945-E111-3E3B-E379-C11503E03B85" value="true"/>
</engineerTo>
<useDomainConstraints>false</useDomainConstraints>
<use>1</use>
<logicalDatatype>LOGDT024</logicalDatatype>
<dataTypeSize>30</dataTypeSize>
<ownDataTypeParameters>30,,</ownDataTypeParameters>
</Attribute>
<Attribute name="id_marca" id="1455086C-5497-66B4-58BB-3444B20AF71B">
<createdBy>lianl</createdBy>
<createdTime>2026-02-08 17:07:35 UTC</createdTime>
<generatorID>C649F70D-26FE-13EC-2AF1-C55271C0AC70</generatorID>
<ownerDesignName>sumativa2</ownerDesignName>
<engineerTo>
<item key="78C76945-E111-3E3B-E379-C11503E03B85" value="true"/>
</engineerTo>
<referedAttribute>0DEEDFE7-3E7F-1E3F-3E03-F3A65A97FCCD</referedAttribute>
<useDomainConstraints>false</useDomainConstraints>
<use>1</use>
<logicalDatatype>LOGDT019</logicalDatatype>
<dataTypePrecision>4</dataTypePrecision>
<ownDataTypeParameters>,,</ownDataTypeParameters>
</Attribute>
</attributes>
<identifiers itemClass="oracle.dbtools.crest.model.design.logical.CandidateKey">
<identifier id="E4083135-3D41-DE21-AFA5-23C5D0E484F5" name="Modelo_marca PK">
<createdBy>lianl</createdBy>
<createdTime>2026-02-08 17:06:55 UTC</createdTime>
<ownerDesignName>sumativa2</ownerDesignName>
<engineerTo>
<item key="78C76945-E111-3E3B-E379-C11503E03B85" value="true"/>
</engineerTo>
<pk>true</pk>
<usedAttributes>
<attributeRef>5AA6511E-89DA-B7B9-FB1F-C42808196412</attributeRef>
</usedAttributes>
</identifier>
</identifiers>
</Entity>