<?xml version = '1.0' encoding = 'UTF-8'?>
<Entity class="oracle.dbtools.crest.model.design.logical.Entity" directorySegmentName="seg_0" id="C86B5FC2-3DB0-BEA8-8881-93D0DB62CB98" name="Cliente">
<createdBy>lianl</createdBy>
<createdTime>2026-02-08 16:47:41 UTC</createdTime>
<ownerDesignName>sumativa2</ownerDesignName>
<engineerTo>
<item key="78C76945-E111-3E3B-E379-C11503E03B85" value="true"/>
</engineerTo>
<adequatelyNormalized>NO</adequatelyNormalized>
<expectedVolumes>0</expectedVolumes>
<fwdEngineeringStrategyName>Single Table</fwdEngineeringStrategyName>
<growthPercent>0</growthPercent>
<growthType>Year</growthType>
<maxVolumes>9999999</maxVolumes>
<minVolumes>0</minVolumes>
<normalForm>Third</normalForm>
<attributes itemClass="oracle.dbtools.crest.model.design.logical.Attribute">
<Attribute name="id_cliente" id="90F723A3-37BF-6A68-BEF2-A02DEB84A445">
<createdBy>lianl</createdBy>
<createdTime>2026-02-08 17:28:07 UTC</createdTime>
<ownerDesignName>sumativa2</ownerDesignName>
<engineerTo>
<item key="78C76945-E111-3E3B-E379-C11503E03B85" value="true"/>
</engineerTo>
<useDomainConstraints>false</useDomainConstraints>
<use>1</use>
<logicalDatatype>LOGDT019</logicalDatatype>
<dataTypePrecision>4</dataTypePrecision>
<ownDataTypeParameters>,4,</ownDataTypeParameters>
</Attribute>
<Attribute name="nombre" id="95CB498B-E745-A902-FAC8-5C66D2E9040A">
<createdBy>lianl</createdBy>
<createdTime>2026-02-08 17:28:35 UTC</createdTime>
<ownerDesignName>sumativa2</ownerDesignName>
<engineerTo>
<item key="78C76945-E111-3E3B-E379-C11503E03B85" value="true"/>
</engineerTo>
<useDomainConstraints>false</useDomainConstraints>
<use>1</use>
<logicalDatatype>LOGDT024</logicalDatatype>
<dataTypeSize>50</dataTypeSize>
<ownDataTypeParameters>50,,</ownDataTypeParameters>
</Attribute>
<Attribute name="apellido" id="69802AB1-9A6E-3B2A-17DC-A2325D880503">
<createdBy>lianl</createdBy>
<createdTime>2026-02-08 17:28:48 UTC</createdTime>
<ownerDesignName>sumativa2</ownerDesignName>
<engineerTo>
<item key="78C76945-E111-3E3B-E379-C11503E03B85" value="true"/>
</engineerTo>
<useDomainConstraints>false</useDomainConstraints>
<use>1</use>
<logicalDatatype>LOGDT024</logicalDatatype>
<dataTypeSize>50</dataTypeSize>
<ownDataTypeParameters>50,,</ownDataTypeParameters>
</Attribute>
<Attribute name="rut" id="550B06BA-6579-84C9-2CCA-D4639B62EF65">
<createdBy>lianl</createdBy>
<createdTime>2026-02-08 17:29:03 UTC</createdTime>
<ownerDesignName>sumativa2</ownerDesignName>
<engineerTo>
<item key="78C76945-E111-3E3B-E379-C11503E03B85" value="true"/>
</engineerTo>
<useDomainConstraints>false</useDomainConstraints>
<use>1</use>
<logicalDatatype>LOGDT024</logicalDatatype>
<dataTypeSize>12</dataTypeSize>
<ownDataTypeParameters>12,,</ownDataTypeParameters>
</Attribute>
<Attribute name="fono" id="C0651511-AF72-CCB6-FE09-2F01B702C182">
<createdBy>lianl</createdBy>
<createdTime>2026-02-08 17:29:34 UTC</createdTime>
<ownerDesignName>sumativa2</ownerDesignName>
<engineerTo>
<item key="78C76945-E111-3E3B-E379-C11503E03B85" value="true"/>
</engineerTo>
<useDomainConstraints>false</useDomainConstraints>
<use>1</use>
<logicalDatatype>LOGDT019</logicalDatatype>
<dataTypePrecision>9</dataTypePrecision>
<ownDataTypeParameters>,9,</ownDataTypeParameters>
</Attribute>
</attributes>
<identifiers itemClass="oracle.dbtools.crest.model.design.logical.CandidateKey">
<identifier id="46A19CC4-23E6-FE0A-1015-89D9A631C404" name="Cliente PK">
<createdBy>lianl</createdBy>
<createdTime>2026-02-08 17:28:33 UTC</createdTime>
<ownerDesignName>sumativa2</ownerDesignName>
<engineerTo>
<item key="78C76945-E111-3E3B-E379-C11503E03B85" value="true"/>
</engineerTo>
<pk>true</pk>
<usedAttributes>
<attributeRef>90F723A3-37BF-6A68-BEF2-A02DEB84A445</attributeRef>
</usedAttributes>
</identifier>
<identifier id="AD5E4879-E543-50E0-5F38-40976F5DD3F6" name="un rut">
<createdBy>lianl</createdBy>
<createdTime>2026-02-08 17:53:16 UTC</createdTime>
<ownerDesignName>sumativa2</ownerDesignName>
<engineerTo>
<item key="78C76945-E111-3E3B-E379-C11503E03B85" value="true"/>
</engineerTo>
<newElementsIDs>550B06BA-6579-84C9-2CCA-D4639B62EF65</newElementsIDs>
<usedAttributes>
<attributeRef>550B06BA-6579-84C9-2CCA-D4639B62EF65</attributeRef>
</usedAttributes>
</identifier>
<identifier id="EAD0CDFF-92C3-A8AB-90F4-7CBCDB9CC818" name="un numero">
<createdBy>lianl</createdBy>
<createdTime>2026-02-08 17:53:33 UTC</createdTime>
<ownerDesignName>sumativa2</ownerDesignName>
<engineerTo>
<item key="78C76945-E111-3E3B-E379-C11503E03B85" value="true"/>
</engineerTo>
<newElementsIDs>C0651511-AF72-CCB6-FE09-2F01B702C182</newElementsIDs>
<usedAttributes>
<attributeRef>C0651511-AF72-CCB6-FE09-2F01B702C182</attributeRef>
</usedAttributes>
</identifier>
</identifiers>
</Entity>