<?xml version = '1.0' encoding = 'UTF-8'?>
<Entity class="oracle.dbtools.crest.model.design.logical.Entity" directorySegmentName="seg_0" id="CA0F1FB9-7A10-E33C-4B86-278C032472C8" name="Categoria">
<createdBy>lianl</createdBy>
<createdTime>2026-02-08 17:20:50 UTC</createdTime>
<ownerDesignName>sumativa2</ownerDesignName>
<engineerTo>
<item key="78C76945-E111-3E3B-E379-C11503E03B85" value="true"/>
</engineerTo>
<adequatelyNormalized>NO</adequatelyNormalized>
<expectedVolumes>0</expectedVolumes>
<fwdEngineeringStrategyName>Single Table</fwdEngineeringStrategyName>
<growthPercent>0</growthPercent>
<growthType>Year</growthType>
<maxVolumes>9999999</maxVolumes>
<minVolumes>0</minVolumes>
<normalForm>Third</normalForm>
<attributes itemClass="oracle.dbtools.crest.model.design.logical.Attribute">
<Attribute name="id_categoria" id="BEC22DD9-1288-2FA0-6071-E32EE67A077A">
<createdBy>lianl</createdBy>
<createdTime>2026-02-08 17:21:01 UTC</createdTime>
<ownerDesignName>sumativa2</ownerDesignName>
<engineerTo>
<item key="78C76945-E111-3E3B-E379-C11503E03B85" value="true"/>
</engineerTo>
<useDomainConstraints>false</useDomainConstraints>
<use>1</use>
<logicalDatatype>LOGDT019</logicalDatatype>
<dataTypePrecision>3</dataTypePrecision>
<ownDataTypeParameters>,3,</ownDataTypeParameters>
</Attribute>
<Attribute name="nombre_categoria" id="F29F0237-4F35-DC8C-387F-AA1CC5731EE1">
<createdBy>lianl</createdBy>
<createdTime>2026-02-08 17:21:42 UTC</createdTime>
<ownerDesignName>sumativa2</ownerDesignName>
<engineerTo>
<item key="78C76945-E111-3E3B-E379-C11503E03B85" value="true"/>
</engineerTo>
<useDomainConstraints>false</useDomainConstraints>
<use>1</use>
<logicalDatatype>LOGDT024</logicalDatatype>
<dataTypeSize>50</dataTypeSize>
<ownDataTypeParameters>50,,</ownDataTypeParameters>
</Attribute>
</attributes>
<identifiers itemClass="oracle.dbtools.crest.model.design.logical.CandidateKey">
<identifier id="58BACDCC-0823-E660-4410-3F03451EE58D" name="Categoria PK">
<createdBy>lianl</createdBy>
<createdTime>2026-02-08 17:22:02 UTC</createdTime>
<ownerDesignName>sumativa2</ownerDesignName>
<engineerTo>
<item key="78C76945-E111-3E3B-E379-C11503E03B85" value="true"/>
</engineerTo>
<pk>true</pk>
<usedAttributes>
<attributeRef>BEC22DD9-1288-2FA0-6071-E32EE67A077A</attributeRef>
</usedAttributes>
</identifier>
</identifiers>
</Entity>