<?xml version = '1.0' encoding = 'UTF-8'?>
<Entity class="oracle.dbtools.crest.model.design.logical.Entity" directorySegmentName="seg_0" id="DFCFEFA3-26E4-D082-2D7D-0B212D415C27" name="Comuna">
<createdBy>lianl</createdBy>
<createdTime>2026-02-08 16:46:49 UTC</createdTime>
<ownerDesignName>sumativa2</ownerDesignName>
<engineerTo>
<item key="78C76945-E111-3E3B-E379-C11503E03B85" value="true"/>
</engineerTo>
<adequatelyNormalized>NO</adequatelyNormalized>
<expectedVolumes>0</expectedVolumes>
<fwdEngineeringStrategyName>Single Table</fwdEngineeringStrategyName>
<growthPercent>0</growthPercent>
<growthType>Year</growthType>
<maxVolumes>9999999</maxVolumes>
<minVolumes>0</minVolumes>
<normalForm>Third</normalForm>
<attributes itemClass="oracle.dbtools.crest.model.design.logical.Attribute">
<Attribute name="id_comuna" id="3D0432E7-2EEE-A55A-7F1D-8795B9D5D6B8">
<createdBy>lianl</createdBy>
<createdTime>2026-02-08 16:53:36 UTC</createdTime>
<ownerDesignName>sumativa2</ownerDesignName>
<engineerTo>
<item key="78C76945-E111-3E3B-E379-C11503E03B85" value="true"/>
</engineerTo>
<useDomainConstraints>false</useDomainConstraints>
<use>1</use>
<logicalDatatype>LOGDT019</logicalDatatype>
<dataTypePrecision>3</dataTypePrecision>
<ownDataTypeParameters>,3,</ownDataTypeParameters>
</Attribute>
<Attribute name="nombre_comuna" id="111AB7BA-BE92-CBCA-C3F6-92A2B3BD1CF8">
<createdBy>lianl</createdBy>
<createdTime>2026-02-08 16:54:47 UTC</createdTime>
<ownerDesignName>sumativa2</ownerDesignName>
<engineerTo>
<item key="78C76945-E111-3E3B-E379-C11503E03B85" value="true"/>
</engineerTo>
<useDomainConstraints>false</useDomainConstraints>
<use>1</use>
<logicalDatatype>LOGDT024</logicalDatatype>
<dataTypeSize>25</dataTypeSize>
<ownDataTypeParameters>25,,</ownDataTypeParameters>
</Attribute>
<Attribute name="id_region" id="41D2488D-9784-CFB8-FC92-7A2BF275526E">
<createdBy>lianl</createdBy>
<createdTime>2026-02-08 17:00:44 UTC</createdTime>
<generatorID>3C80F928-DA5F-A7DC-93D1-7DE920CB17C7</generatorID>
<ownerDesignName>sumativa2</ownerDesignName>
<engineerTo>
<item key="78C76945-E111-3E3B-E379-C11503E03B85" value="true"/>
</engineerTo>
<referedAttribute>3D3ADD7D-5FDA-E002-8419-DF5410963BD6</referedAttribute>
<useDomainConstraints>false</useDomainConstraints>
<use>1</use>
<logicalDatatype>LOGDT019</logicalDatatype>
<dataTypePrecision>2</dataTypePrecision>
<ownDataTypeParameters>,,</ownDataTypeParameters>
</Attribute>
</attributes>
<identifiers itemClass="oracle.dbtools.crest.model.design.logical.CandidateKey">
<identifier id="6E903754-5B51-58BA-38A6-BAD56EED8CDB" name="Comuna PK">
<createdBy>lianl</createdBy>
<createdTime>2026-02-08 16:53:50 UTC</createdTime>
<ownerDesignName>sumativa2</ownerDesignName>
<engineerTo>
<item key="78C76945-E111-3E3B-E379-C11503E03B85" value="true"/>
</engineerTo>
<pk>true</pk>
<usedAttributes>
<attributeRef>3D0432E7-2EEE-A55A-7F1D-8795B9D5D6B8</attributeRef>
</usedAttributes>
</identifier>
</identifiers>
</Entity>