<?xml version = '1.0' encoding = 'UTF-8'?>
<FKIndexAssociation class="oracle.dbtools.crest.model.design.relational.FKIndexAssociation" directorySegmentName="seg_0" id="1B4E27AE-F4C9-1F6B-0C25-AF5DBD3AE68B" containerWithKeyObject="550A1D1C-C6DD-C71D-62B8-B1FC224869E6" localFKIndex="FCE07159-0BCD-0EA7-9731-70BB59D07737" name="Cliente_normal_Cliente_FK">
<createdBy>lianl</createdBy>
<createdTime>2026-01-25 17:20:58 UTC</createdTime>
<generatorID>2AEEDA97-5C2F-7880-40EB-582B03458B26</generatorID>
<ownerDesignName>modelo</ownerDesignName>
<referredTableLongName>Cliente</referredTableLongName>
<arc>8905B6FD-CBDA-4AAA-1CF6-E4810955918D</arc>
<deleteRule>NO ACTION</deleteRule>
<referredTableID>0873E118-3199-2631-1A1A-724D979C8F95</referredTableID>
<keyObject>400F353A-A31D-2D95-7903-0CB82419C330</keyObject>
<referredKeyID>400F353A-A31D-2D95-7903-0CB82419C330</referredKeyID>
<mandatory>true</mandatory>
<refColNames>id_cliente</refColNames>
<transferable>true</transferable>
<rely>false</rely>
<columnDependencyConstraintGenerateInDDL>true</columnDependencyConstraintGenerateInDDL>
</FKIndexAssociation>