<?xml version = '1.0' encoding = 'UTF-8'?>
<FKIndexAssociation class="oracle.dbtools.crest.model.design.relational.FKIndexAssociation" directorySegmentName="seg_0" id="2BF90442-B35C-DD6C-0D6B-6C24AA2C5CFB" containerWithKeyObject="C81826E2-373E-B8AA-B3A0-106891706F47" localFKIndex="EBE6412A-2169-1700-FEC8-BD4D321BCEF2" name="Boleta_Trabajador_FK">
<createdBy>lianl</createdBy>
<createdTime>2026-01-25 17:20:58 UTC</createdTime>
<generatorID>8D7ABDBF-EE87-70FC-A186-A58D833655D2</generatorID>
<ownerDesignName>modelo</ownerDesignName>
<referredTableLongName>Trabajador</referredTableLongName>
<deleteRule>NO ACTION</deleteRule>
<referredTableID>67306698-FF9B-F60A-C22C-4B8C8CCD7883</referredTableID>
<keyObject>1B7D000F-4416-EC1C-8626-209005DC5425</keyObject>
<referredKeyID>1B7D000F-4416-EC1C-8626-209005DC5425</referredKeyID>
<mandatory>true</mandatory>
<refColNames>id_trabajador</refColNames>
<transferable>true</transferable>
<rely>false</rely>
<columnDependencyConstraintGenerateInDDL>true</columnDependencyConstraintGenerateInDDL>
</FKIndexAssociation>