<?xml version = '1.0' encoding = 'UTF-8'?>
<FKIndexAssociation class="oracle.dbtools.crest.model.design.relational.FKIndexAssociation" directorySegmentName="seg_0" id="3DD14085-1833-D1BE-900B-02C399766621" containerWithKeyObject="C81826E2-373E-B8AA-B3A0-106891706F47" localFKIndex="35E7DE9E-94D1-05F3-5056-8D799604EE06" name="Boleta_Sucursal_FK">
<createdBy>lianl</createdBy>
<createdTime>2026-01-25 17:20:58 UTC</createdTime>
<generatorID>09FC4DBE-9BD6-AC71-C855-5969347045EA</generatorID>
<ownerDesignName>modelo</ownerDesignName>
<referredTableLongName>Sucursal</referredTableLongName>
<deleteRule>NO ACTION</deleteRule>
<referredTableID>D17301F0-0A01-6D27-D4C6-4C05E4C6323A</referredTableID>
<keyObject>A5305E18-019A-1868-4A87-B8592C6F8E46</keyObject>
<referredKeyID>A5305E18-019A-1868-4A87-B8592C6F8E46</referredKeyID>
<mandatory>true</mandatory>
<refColNames>numero_sucursal</refColNames>
<transferable>true</transferable>
<rely>false</rely>
<columnDependencyConstraintGenerateInDDL>true</columnDependencyConstraintGenerateInDDL>
</FKIndexAssociation>