<?xml version = '1.0' encoding = 'UTF-8'?>
<FKIndexAssociation class="oracle.dbtools.crest.model.design.relational.FKIndexAssociation" directorySegmentName="seg_0" id="42BEF0B6-2EEC-131A-CBC1-D9A600F0BE27" containerWithKeyObject="C90163B0-63BE-5C0B-51A2-69969A6D061C" localFKIndex="C69EFA20-2BB4-579F-4923-5C1FE2CB37F2" name="Contrato_Trabajador_FK">
<createdBy>lianl</createdBy>
<createdTime>2026-01-25 17:20:58 UTC</createdTime>
<generatorID>5C3886AB-E87A-7D95-F1B2-7C9371A75484</generatorID>
<ownerDesignName>modelo</ownerDesignName>
<referredTableLongName>Trabajador</referredTableLongName>
<deleteRule>NO ACTION</deleteRule>
<referredTableID>67306698-FF9B-F60A-C22C-4B8C8CCD7883</referredTableID>
<keyObject>1B7D000F-4416-EC1C-8626-209005DC5425</keyObject>
<referredKeyID>1B7D000F-4416-EC1C-8626-209005DC5425</referredKeyID>
<mandatory>true</mandatory>
<refColNames>id_trabajador</refColNames>
<transferable>true</transferable>
<rely>false</rely>
<columnDependencyConstraintGenerateInDDL>true</columnDependencyConstraintGenerateInDDL>
</FKIndexAssociation>