<?xml version = '1.0' encoding = 'UTF-8'?>
<FKIndexAssociation class="oracle.dbtools.crest.model.design.relational.FKIndexAssociation" directorySegmentName="seg_0" id="5EDB0B22-8E32-6095-8DC6-7EA8C66CF33F" containerWithKeyObject="B8445D4D-0FFF-6D04-2D6E-E838F4C85F57" localFKIndex="B5906301-ED85-4528-DF96-DBE79A553188" name="Detalle_boleta_Boleta_FK">
<createdBy>lianl</createdBy>
<createdTime>2026-01-25 17:20:58 UTC</createdTime>
<generatorID>627049A5-E5ED-48F6-D18D-4CC8A93F2A28</generatorID>
<ownerDesignName>modelo</ownerDesignName>
<referredTableLongName>Boleta</referredTableLongName>
<deleteRule>NO ACTION</deleteRule>
<referredTableID>C81826E2-373E-B8AA-B3A0-106891706F47</referredTableID>
<keyObject>00F3268D-F0B4-8C4D-5337-031E0C8A8B2E</keyObject>
<referredKeyID>00F3268D-F0B4-8C4D-5337-031E0C8A8B2E</referredKeyID>
<mandatory>true</mandatory>
<refColNames>numero_boleta</refColNames>
<transferable>true</transferable>
<rely>false</rely>
<columnDependencyConstraintGenerateInDDL>true</columnDependencyConstraintGenerateInDDL>
</FKIndexAssociation>