<?xml version = '1.0' encoding = 'UTF-8'?>
<FKIndexAssociation class="oracle.dbtools.crest.model.design.relational.FKIndexAssociation" directorySegmentName="seg_0" id="5FA1C31C-E79F-193C-F3E4-EE2DD20A7076" containerWithKeyObject="C81826E2-373E-B8AA-B3A0-106891706F47" localFKIndex="4068076F-DB1B-6BC7-E2DB-816A17EEE240" name="Boleta_Cliente_FK">
<createdBy>lianl</createdBy>
<createdTime>2026-01-25 17:20:58 UTC</createdTime>
<generatorID>22D676BD-B17D-8235-E377-F3902EBD0BC6</generatorID>
<ownerDesignName>modelo</ownerDesignName>
<referredTableLongName>Cliente</referredTableLongName>
<deleteRule>NO ACTION</deleteRule>
<referredTableID>0873E118-3199-2631-1A1A-724D979C8F95</referredTableID>
<keyObject>400F353A-A31D-2D95-7903-0CB82419C330</keyObject>
<referredKeyID>400F353A-A31D-2D95-7903-0CB82419C330</referredKeyID>
<mandatory>true</mandatory>
<refColNames>id_cliente</refColNames>
<transferable>true</transferable>
<rely>false</rely>
<columnDependencyConstraintGenerateInDDL>true</columnDependencyConstraintGenerateInDDL>
</FKIndexAssociation>