<?xml version = '1.0' encoding = 'UTF-8'?>
<FKIndexAssociation class="oracle.dbtools.crest.model.design.relational.FKIndexAssociation" directorySegmentName="seg_0" id="6D545AF8-09B5-3895-F670-204CAE396500" containerWithKeyObject="B8445D4D-0FFF-6D04-2D6E-E838F4C85F57" localFKIndex="40220ACE-F902-8F4B-29D6-27FA7D4343E2" name="Detalle_boleta_Producto_FK">
<createdBy>lianl</createdBy>
<createdTime>2026-01-25 17:20:58 UTC</createdTime>
<generatorID>514E6649-C271-6861-884D-315F1195B48D</generatorID>
<ownerDesignName>modelo</ownerDesignName>
<referredTableLongName>Producto</referredTableLongName>
<deleteRule>NO ACTION</deleteRule>
<referredTableID>7026ED17-0054-E3F8-2078-F0D568DE2DBB</referredTableID>
<keyObject>088B9E98-59D2-A9EC-25EC-979BD7EF27B0</keyObject>
<referredKeyID>088B9E98-59D2-A9EC-25EC-979BD7EF27B0</referredKeyID>
<mandatory>true</mandatory>
<refColNames>sku</refColNames>
<transferable>true</transferable>
<rely>false</rely>
<columnDependencyConstraintGenerateInDDL>true</columnDependencyConstraintGenerateInDDL>
</FKIndexAssociation>