<?xml version = '1.0' encoding = 'UTF-8'?>
<FKIndexAssociation class="oracle.dbtools.crest.model.design.relational.FKIndexAssociation" directorySegmentName="seg_0" id="80F2E87A-79AA-CDCE-1728-BEE60D0D85A1" containerWithKeyObject="C31CF979-BDAC-1AB3-C944-8AE8C73A7D87" localFKIndex="9E5AFA6F-96DA-2C50-244C-8B30A79B0085" name="Cliente_vip_Cliente_FK">
<createdBy>lianl</createdBy>
<createdTime>2026-01-25 17:20:58 UTC</createdTime>
<generatorID>6382E24C-C3F5-463A-EBDA-889AC765A9F1</generatorID>
<ownerDesignName>modelo</ownerDesignName>
<referredTableLongName>Cliente</referredTableLongName>
<arc>8905B6FD-CBDA-4AAA-1CF6-E4810955918D</arc>
<deleteRule>NO ACTION</deleteRule>
<referredTableID>0873E118-3199-2631-1A1A-724D979C8F95</referredTableID>
<keyObject>400F353A-A31D-2D95-7903-0CB82419C330</keyObject>
<referredKeyID>400F353A-A31D-2D95-7903-0CB82419C330</referredKeyID>
<mandatory>true</mandatory>
<refColNames>id_cliente</refColNames>
<transferable>true</transferable>
<rely>false</rely>
<columnDependencyConstraintGenerateInDDL>true</columnDependencyConstraintGenerateInDDL>
</FKIndexAssociation>