<?xml version = '1.0' encoding = 'UTF-8'?>
<FKIndexAssociation class="oracle.dbtools.crest.model.design.relational.FKIndexAssociation" directorySegmentName="seg_0" id="912CFFB5-C508-FFFC-3D95-8737F9E16091" containerWithKeyObject="C90163B0-63BE-5C0B-51A2-69969A6D061C" localFKIndex="1BC4A518-6018-ACB4-7396-24508E2D3EFC" name="Contrato_Sucursal_FK">
<createdBy>lianl</createdBy>
<createdTime>2026-01-25 17:20:58 UTC</createdTime>
<generatorID>787908F1-271D-F7E4-E496-B41E16664F5A</generatorID>
<ownerDesignName>modelo</ownerDesignName>
<referredTableLongName>Sucursal</referredTableLongName>
<deleteRule>NO ACTION</deleteRule>
<referredTableID>D17301F0-0A01-6D27-D4C6-4C05E4C6323A</referredTableID>
<keyObject>A5305E18-019A-1868-4A87-B8592C6F8E46</keyObject>
<referredKeyID>A5305E18-019A-1868-4A87-B8592C6F8E46</referredKeyID>
<mandatory>true</mandatory>
<refColNames>numero_sucursal</refColNames>
<transferable>true</transferable>
<rely>false</rely>
<columnDependencyConstraintGenerateInDDL>true</columnDependencyConstraintGenerateInDDL>
</FKIndexAssociation>