<?xml version = '1.0' encoding = 'UTF-8'?>
<FKIndexAssociation class="oracle.dbtools.crest.model.design.relational.FKIndexAssociation" directorySegmentName="seg_0" id="99AC2515-0FDF-36DE-A545-780D7DAF3FCB" containerWithKeyObject="0EC72DCB-B484-FD43-8A42-3969506F038B" localFKIndex="CF868355-0EC3-16F3-4739-8172C7A43180" name="Contrato_indefinido_Contrato_FK">
<createdBy>lianl</createdBy>
<createdTime>2026-01-25 17:20:58 UTC</createdTime>
<generatorID>9E5E2347-E17F-5525-0883-8B45340B824D</generatorID>
<ownerDesignName>modelo</ownerDesignName>
<referredTableLongName>Contrato</referredTableLongName>
<arc>2A5A4CB5-6328-0780-332A-0C7FA3F2F107</arc>
<deleteRule>NO ACTION</deleteRule>
<referredTableID>C90163B0-63BE-5C0B-51A2-69969A6D061C</referredTableID>
<keyObject>7A7B2D97-5C68-6CD0-B444-BA8E22681A59</keyObject>
<referredKeyID>7A7B2D97-5C68-6CD0-B444-BA8E22681A59</referredKeyID>
<mandatory>true</mandatory>
<refColNames>id_contrato</refColNames>
<transferable>true</transferable>
<rely>false</rely>
<columnDependencyConstraintGenerateInDDL>true</columnDependencyConstraintGenerateInDDL>
</FKIndexAssociation>