<?xml version = '1.0' encoding = 'UTF-8'?>
<FKIndexAssociation class="oracle.dbtools.crest.model.design.relational.FKIndexAssociation" directorySegmentName="seg_0" id="ACE9312E-94BA-449F-11B2-D02E6857A061" containerWithKeyObject="C90163B0-63BE-5C0B-51A2-69969A6D061C" localFKIndex="11563CC2-3418-2D6B-E4BE-67881FA800AB" name="Contrato_Cargo_FK">
<createdBy>lianl</createdBy>
<createdTime>2026-01-25 17:20:58 UTC</createdTime>
<generatorID>1353FC36-39C1-5A2F-D401-C23370FFD3D8</generatorID>
<ownerDesignName>modelo</ownerDesignName>
<referredTableLongName>Cargo</referredTableLongName>
<deleteRule>NO ACTION</deleteRule>
<referredTableID>88BEE872-1E7B-3381-59FE-ECADAD8EE52B</referredTableID>
<keyObject>86D49647-FA65-95F8-71AA-9B2C59692D77</keyObject>
<referredKeyID>86D49647-FA65-95F8-71AA-9B2C59692D77</referredKeyID>
<mandatory>true</mandatory>
<refColNames>id_cargo</refColNames>
<transferable>true</transferable>
<rely>false</rely>
<columnDependencyConstraintGenerateInDDL>true</columnDependencyConstraintGenerateInDDL>
</FKIndexAssociation>