<?xml version = '1.0' encoding = 'UTF-8'?>
<FKIndexAssociation class="oracle.dbtools.crest.model.design.relational.FKIndexAssociation" directorySegmentName="seg_0" id="FFC6F5C2-BDE1-A460-A010-99B9859CF23B" containerWithKeyObject="54FB8781-2551-BCDF-F060-30D9FDFF4395" localFKIndex="37F15B9A-A88A-DAD0-842A-4E4925ADC3B8" name="Contrato_practicante_Contrato_FK">
<createdBy>lianl</createdBy>
<createdTime>2026-01-25 17:20:58 UTC</createdTime>
<generatorID>726C0403-48AE-53E5-AD31-F1FCCE0CD5AD</generatorID>
<ownerDesignName>modelo</ownerDesignName>
<referredTableLongName>Contrato</referredTableLongName>
<arc>2A5A4CB5-6328-0780-332A-0C7FA3F2F107</arc>
<deleteRule>NO ACTION</deleteRule>
<referredTableID>C90163B0-63BE-5C0B-51A2-69969A6D061C</referredTableID>
<keyObject>7A7B2D97-5C68-6CD0-B444-BA8E22681A59</keyObject>
<referredKeyID>7A7B2D97-5C68-6CD0-B444-BA8E22681A59</referredKeyID>
<mandatory>true</mandatory>
<refColNames>id_contrato</refColNames>
<transferable>true</transferable>
<rely>false</rely>
<columnDependencyConstraintGenerateInDDL>true</columnDependencyConstraintGenerateInDDL>
</FKIndexAssociation>