<?xml version = '1.0' encoding = 'UTF-8'?>
<Diagram class="oracle.dbtools.crest.swingui.relational.DPVRelational" name="Relational_1" id="767F91C6-D181-A58A-CE64-1CA7BB1FEC90">
<createdBy>lianl</createdBy>
<modifiedBy>lianl</modifiedBy>
<createdTime>2026-02-08 17:56:13 UTC</createdTime>
<autoRoute>false</autoRoute>
<boxInbox>true</boxInbox>
<showLegend>false</showLegend>
<showLabels>false</showLabels>
<showRelAttributes>false</showRelAttributes>
<gridEnabled>false</gridEnabled>
<showGrid>false</showGrid>
<diagramColor>-1</diagramColor>
<display>false</display>
<notation>1</notation>
<objectViews>
<OView class="oracle.dbtools.crest.swingui.relational.TVTable" oid="1009B1CA-EF79-4A3C-6833-FAA54A256AA0" otype="Table" vid="E35DF075-2124-06FB-0404-47CAA2F6CB45">
<hideElementsInCurrentOnly>false</hideElementsInCurrentOnly>
<bounds x="93" y="348" width="207" height="74"/>
</OView>
<OView class="oracle.dbtools.crest.swingui.relational.TVTable" oid="10FD7A87-5CA3-3C95-4974-0BC7C161A63D" otype="Table" vid="82D94F4C-45DE-4665-F6AC-75958271AA32">
<hideElementsInCurrentOnly>false</hideElementsInCurrentOnly>
<bounds x="309" y="193" width="264" height="108"/>
</OView>
<OView class="oracle.dbtools.crest.swingui.relational.TVTable" oid="1652683E-42C2-100F-5683-65A3C222021B" otype="Table" vid="7F45A503-D90C-2671-231A-E4FF5ED31CAB">
<hideElementsInCurrentOnly>false</hideElementsInCurrentOnly>
<bounds x="915" y="391" width="218" height="88"/>
</OView>
<OView class="oracle.dbtools.crest.swingui.relational.TVTable" oid="211D3179-EA87-556F-9416-DD7174F8F076" otype="Table" vid="DE2E8E9E-D559-20C9-7378-C673DDEF7720">
<hideElementsInCurrentOnly>false</hideElementsInCurrentOnly>
<bounds x="36" y="181" width="207" height="74"/>
</OView>
<OView class="oracle.dbtools.crest.swingui.relational.TVTable" oid="5F71DF8B-8F4A-4876-ED98-9900B00F3E2D" otype="Table" vid="DC20AF95-0FF1-1E3A-522B-25538D3412E5">
<hideElementsInCurrentOnly>false</hideElementsInCurrentOnly>
<bounds x="1282" y="72" width="183" height="144"/>
</OView>
<OView class="oracle.dbtools.crest.swingui.relational.TVTable" oid="753F8112-F7D4-EFBE-3AA5-861F291B89EA" otype="Table" vid="120BF471-E75E-4C03-9B79-BA31CF7AF3D3">
<hideElementsInCurrentOnly>false</hideElementsInCurrentOnly>
<bounds x="173" y="681" width="270" height="108"/>
</OView>
<OView class="oracle.dbtools.crest.swingui.relational.TVTable" oid="A237344F-9DB4-B8FC-03C6-16185FF2BEAD" otype="Table" vid="F32ABF25-1B35-4287-2253-9B7C8EE3DC72">
<hideElementsInCurrentOnly>false</hideElementsInCurrentOnly>
<bounds x="873" y="689" width="222" height="74"/>
</OView>
<OView class="oracle.dbtools.crest.swingui.relational.TVTable" oid="AF6A008C-AD97-3CBF-6802-977E4BAE924C" otype="Table" vid="CB727E22-4357-F948-E143-9881B6904CCB">
<hideElementsInCurrentOnly>false</hideElementsInCurrentOnly>
<bounds x="153" y="484" width="206" height="102"/>
</OView>
<OView class="oracle.dbtools.crest.swingui.relational.TVTable" oid="B4664C05-8233-0038-C67E-2B84F224465A" otype="Table" vid="DAE8E148-EA6D-E6AE-2A47-08CD9FD91627">
<hideElementsInCurrentOnly>false</hideElementsInCurrentOnly>
<bounds x="894" y="84" width="330" height="178"/>
</OView>
<OView class="oracle.dbtools.crest.swingui.relational.TVTable" oid="B8BE94A7-7F4D-6DC6-A591-EB5C206CE0F5" otype="Table" vid="8E8BD8E6-1616-0D25-DFBB-297D83429AD9">
<hideElementsInCurrentOnly>false</hideElementsInCurrentOnly>
<bounds x="577" y="45" width="250" height="122"/>
</OView>
<OView class="oracle.dbtools.crest.swingui.relational.TVTable" oid="D537F331-8C0A-7A81-4808-910DA4ACF0F4" otype="Table" vid="76DF8E97-2FFD-E90D-4019-12DC8EAAD2BD">
<hideElementsInCurrentOnly>false</hideElementsInCurrentOnly>
<bounds x="495" y="371" width="342" height="248"/>
</OView>
<OView class="oracle.dbtools.crest.swingui.relational.TVTable" oid="DCE3CDFA-76F6-D0EA-5E27-52C20A973E3A" otype="Table" vid="B4C37990-76B5-53B0-517C-E98357DB63B1">
<hideElementsInCurrentOnly>false</hideElementsInCurrentOnly>
<bounds x="273" y="35" width="228" height="108"/>
</OView>
<OView class="oracle.dbtools.crest.swingui.relational.TVTable" oid="EEFDDB39-473D-62ED-CE8C-D8D62FA31E9F" otype="Table" vid="4E153986-7F9E-6E02-8310-400EB38DB505">
<hideElementsInCurrentOnly>false</hideElementsInCurrentOnly>
<bounds x="526" y="681" width="273" height="94"/>
</OView>
</objectViews>
<connectors>
<Connector class="oracle.dbtools.crest.swingui.relational.TVFKRelation" oid="1EB190F2-20DA-4158-F2A0-76F7588DBE1C" otype="FKIndexAssociation" vid_source="DE2E8E9E-D559-20C9-7378-C673DDEF7720" vid_target="B4C37990-76B5-53B0-517C-E98357DB63B1">
<hideElementsInCurrentOnly>false</hideElementsInCurrentOnly>
<backgroundColor>-16777216</backgroundColor>
<lineWidth>1</lineWidth>
<points>
<point x="210" y="181"/>
<point x="283" y="143"/>
</points>
</Connector>
<Connector class="oracle.dbtools.crest.swingui.relational.TVFKRelation" oid="4BC280D2-78CB-6803-F5FF-2307DFF4C5A1" otype="FKIndexAssociation" vid_source="DC20AF95-0FF1-1E3A-522B-25538D3412E5" vid_target="DAE8E148-EA6D-E6AE-2A47-08CD9FD91627">
<hideElementsInCurrentOnly>false</hideElementsInCurrentOnly>
<backgroundColor>-16777216</backgroundColor>
<lineWidth>1</lineWidth>
<points>
<point x="1282" y="150"/>
<point x="1224" y="150"/>
</points>
</Connector>
<Connector class="oracle.dbtools.crest.swingui.relational.TVFKRelation" oid="5B50D86A-10E9-9D93-0262-F1770AF1C16A" otype="FKIndexAssociation" vid_source="CB727E22-4357-F948-E143-9881B6904CCB" vid_target="4E153986-7F9E-6E02-8310-400EB38DB505">
<hideElementsInCurrentOnly>false</hideElementsInCurrentOnly>
<backgroundColor>-16777216</backgroundColor>
<lineWidth>1</lineWidth>
<points>
<point x="359" y="583"/>
<point x="563" y="681"/>
</points>
</Connector>
<Connector class="oracle.dbtools.crest.swingui.relational.TVFKRelation" oid="6650AA09-3D7A-89D5-E463-614214C1BDA8" otype="FKIndexAssociation" vid_source="E35DF075-2124-06FB-0404-47CAA2F6CB45" vid_target="82D94F4C-45DE-4665-F6AC-75958271AA32">
<hideElementsInCurrentOnly>false</hideElementsInCurrentOnly>
<backgroundColor>-16777216</backgroundColor>
<lineWidth>1</lineWidth>
<points>
<point x="262" y="348"/>
<point x="345" y="301"/>
</points>
</Connector>
<Connector class="oracle.dbtools.crest.swingui.relational.TVFKRelation" oid="6C9280B4-26AF-2EA9-E163-878B2B675081" otype="FKIndexAssociation" vid_source="82D94F4C-45DE-4665-F6AC-75958271AA32" vid_target="76DF8E97-2FFD-E90D-4019-12DC8EAAD2BD">
<hideElementsInCurrentOnly>false</hideElementsInCurrentOnly>
<backgroundColor>-16777216</backgroundColor>
<lineWidth>1</lineWidth>
<points>
<point x="534" y="301"/>
<point x="534" y="371"/>
</points>
</Connector>
<Connector class="oracle.dbtools.crest.swingui.relational.TVFKRelation" oid="6D8506FC-0057-17D3-8778-6C06DBFE146B" otype="FKIndexAssociation" vid_source="CB727E22-4357-F948-E143-9881B6904CCB" vid_target="76DF8E97-2FFD-E90D-4019-12DC8EAAD2BD">
<hideElementsInCurrentOnly>false</hideElementsInCurrentOnly>
<backgroundColor>-16777216</backgroundColor>
<lineWidth>1</lineWidth>
<points>
<point x="359" y="535"/>
<point x="495" y="535"/>
</points>
</Connector>
<Connector class="oracle.dbtools.crest.swingui.relational.TVFKRelation" oid="7C30CDA5-AD63-163B-507A-C518859B705A" otype="FKIndexAssociation" vid_source="F32ABF25-1B35-4287-2253-9B7C8EE3DC72" vid_target="76DF8E97-2FFD-E90D-4019-12DC8EAAD2BD">
<hideElementsInCurrentOnly>false</hideElementsInCurrentOnly>
<backgroundColor>-16777216</backgroundColor>
<lineWidth>1</lineWidth>
<points>
<point x="933" y="689"/>
<point x="836" y="619"/>
</points>
</Connector>
<Connector class="oracle.dbtools.crest.swingui.relational.TVFKRelation" oid="A927E719-7F73-0B74-5EA2-01AFD4D21D59" otype="FKIndexAssociation" vid_source="7F45A503-D90C-2671-231A-E4FF5ED31CAB" vid_target="DAE8E148-EA6D-E6AE-2A47-08CD9FD91627">
<hideElementsInCurrentOnly>false</hideElementsInCurrentOnly>
<backgroundColor>-16777216</backgroundColor>
<lineWidth>1</lineWidth>
<points>
<point x="1024" y="391"/>
<point x="1024" y="262"/>
</points>
</Connector>
<Connector class="oracle.dbtools.crest.swingui.relational.TVFKRelation" oid="B8DC0727-0E27-E9F3-D85A-BC3281A953FE" otype="FKIndexAssociation" vid_source="8E8BD8E6-1616-0D25-DFBB-297D83429AD9" vid_target="76DF8E97-2FFD-E90D-4019-12DC8EAAD2BD">
<hideElementsInCurrentOnly>false</hideElementsInCurrentOnly>
<backgroundColor>-16777216</backgroundColor>
<lineWidth>1</lineWidth>
<points>
<point x="702" y="167"/>
<point x="702" y="371"/>
</points>
</Connector>
<Connector class="oracle.dbtools.crest.swingui.relational.TVFKRelation" oid="DEB80659-3FF9-0B0C-FB56-BDC28C7EECC3" otype="FKIndexAssociation" vid_source="7F45A503-D90C-2671-231A-E4FF5ED31CAB" vid_target="76DF8E97-2FFD-E90D-4019-12DC8EAAD2BD">
<hideElementsInCurrentOnly>false</hideElementsInCurrentOnly>
<backgroundColor>-16777216</backgroundColor>
<lineWidth>1</lineWidth>
<points>
<point x="915" y="435"/>
<point x="837" y="435"/>
</points>
</Connector>
<Connector class="oracle.dbtools.crest.swingui.relational.TVFKRelation" oid="E0392952-84C2-F090-8E79-0D34EAACE830" otype="FKIndexAssociation" vid_source="CB727E22-4357-F948-E143-9881B6904CCB" vid_target="120BF471-E75E-4C03-9B79-BA31CF7AF3D3">
<hideElementsInCurrentOnly>false</hideElementsInCurrentOnly>
<backgroundColor>-16777216</backgroundColor>
<lineWidth>1</lineWidth>
<points>
<point x="266" y="586"/>
<point x="266" y="681"/>
</points>
</Connector>
<Connector class="oracle.dbtools.crest.swingui.relational.TVFKRelation" oid="F22F1C60-2BC9-55DA-6101-5DDF452FD118" otype="FKIndexAssociation" vid_source="8E8BD8E6-1616-0D25-DFBB-297D83429AD9" vid_target="DAE8E148-EA6D-E6AE-2A47-08CD9FD91627">
<hideElementsInCurrentOnly>false</hideElementsInCurrentOnly>
<backgroundColor>-16777216</backgroundColor>
<lineWidth>1</lineWidth>
<points>
<point x="827" y="125"/>
<point x="894" y="125"/>
</points>
</Connector>
<Connector class="oracle.dbtools.crest.swingui.relational.TVFKRelation" oid="F6A898E4-DD89-6ED7-EC03-8ECD11F9A875" otype="FKIndexAssociation" vid_source="B4C37990-76B5-53B0-517C-E98357DB63B1" vid_target="8E8BD8E6-1616-0D25-DFBB-297D83429AD9">
<hideElementsInCurrentOnly>false</hideElementsInCurrentOnly>
<backgroundColor>-16777216</backgroundColor>
<lineWidth>1</lineWidth>
<points>
<point x="501" y="94"/>
<point x="577" y="94"/>
</points>
</Connector>
</connectors>
<arcs>
<Arc class="oracle.dbtools.crest.swingui.relational.TVFKArc" oid="495AC470-E8F0-228F-D36A-4203A3FFBA6B" otype="FKArc" vid="92D73F33-186C-0121-4513-C2B460EFB37A">
<hideElementsInCurrentOnly>false</hideElementsInCurrentOnly>
<bounds x="133" y="464" width="246" height="142"/>
</Arc>
</arcs>
</Diagram>