<?xml version = '1.0' encoding = 'UTF-8'?>
<Entity class="oracle.dbtools.crest.model.design.logical.Entity" directorySegmentName="seg_0" id="1D84B136-0484-2025-359E-A8C89804A88A" name="Contrato">
<createdBy>lianl</createdBy>
<createdTime>2026-01-24 22:04:57 UTC</createdTime>
<ownerDesignName>modelo</ownerDesignName>
<engineerTo>
<item key="1C536239-8748-0834-D9BD-A5FAEBD67753" value="true"/>
</engineerTo>
<adequatelyNormalized>NO</adequatelyNormalized>
<expectedVolumes>0</expectedVolumes>
<fwdEngineeringStrategyName>Single Table</fwdEngineeringStrategyName>
<growthPercent>0</growthPercent>
<growthType>Year</growthType>
<maxVolumes>9999999</maxVolumes>
<minVolumes>0</minVolumes>
<normalForm>Third</normalForm>
<attributes itemClass="oracle.dbtools.crest.model.design.logical.Attribute">
<Attribute name="id contrato" id="6E5010E4-8788-67DC-E06A-B2ABC86D1E66">
<createdBy>lianl</createdBy>
<createdTime>2026-01-24 22:05:05 UTC</createdTime>
<notes><![CDATA[Número entero que identifica de forma única el contrato.]]></notes>
<ownerDesignName>modelo</ownerDesignName>
<engineerTo>
<item key="1C536239-8748-0834-D9BD-A5FAEBD67753" value="true"/>
</engineerTo>
<useDomainConstraints>false</useDomainConstraints>
<use>1</use>
<logicalDatatype>LOGDT019</logicalDatatype>
<dataTypePrecision>6</dataTypePrecision>
<ownDataTypeParameters>,6,</ownDataTypeParameters>
</Attribute>
<Attribute name="fecha inicio" id="823BF97E-6219-FD87-B9B4-40B156E2DE97">
<createdBy>lianl</createdBy>
<createdTime>2026-01-24 22:05:30 UTC</createdTime>
<notes><![CDATA[Fecha de inicio del contrato.]]></notes>
<ownerDesignName>modelo</ownerDesignName>
<engineerTo>
<item key="1C536239-8748-0834-D9BD-A5FAEBD67753" value="true"/>
</engineerTo>
<useDomainConstraints>false</useDomainConstraints>
<use>1</use>
<logicalDatatype>LOGDT007</logicalDatatype>
<ownDataTypeParameters>,,</ownDataTypeParameters>
</Attribute>
<Attribute name="fecha termino" id="23E764E4-9FC1-4110-D113-6615D37E5B9C">
<createdBy>lianl</createdBy>
<createdTime>2026-01-24 22:06:00 UTC</createdTime>
<notes><![CDATA[fecha de término del contrato. (Atributo opcional).]]></notes>
<ownerDesignName>modelo</ownerDesignName>
<engineerTo>
<item key="1C536239-8748-0834-D9BD-A5FAEBD67753" value="true"/>
</engineerTo>
<nullsAllowed>true</nullsAllowed>
<useDomainConstraints>false</useDomainConstraints>
<use>1</use>
<logicalDatatype>LOGDT007</logicalDatatype>
<ownDataTypeParameters>,,</ownDataTypeParameters>
</Attribute>
<Attribute name="numero sucursal" id="303C500F-5742-19AE-0A34-B02F11039720">
<createdBy>lianl</createdBy>
<createdTime>2026-01-24 22:40:32 UTC</createdTime>
<generatorID>787908F1-271D-F7E4-E496-B41E16664F5A</generatorID>
<ownerDesignName>modelo</ownerDesignName>
<engineerTo>
<item key="1C536239-8748-0834-D9BD-A5FAEBD67753" value="true"/>
</engineerTo>
<referedAttribute>2B527DFB-8D58-516C-A3F1-72068A5F424B</referedAttribute>
<useDomainConstraints>false</useDomainConstraints>
<use>1</use>
<logicalDatatype>LOGDT019</logicalDatatype>
<dataTypePrecision>3</dataTypePrecision>
<ownDataTypeParameters>,3,</ownDataTypeParameters>
</Attribute>
<Attribute name="Cargo id cargo" id="D1F931C6-FCD4-1420-CD1A-961AB0E59936">
<createdBy>lianl</createdBy>
<createdTime>2026-01-24 22:57:04 UTC</createdTime>
<generatorID>1353FC36-39C1-5A2F-D401-C23370FFD3D8</generatorID>
<ownerDesignName>modelo</ownerDesignName>
<engineerTo>
<item key="1C536239-8748-0834-D9BD-A5FAEBD67753" value="true"/>
</engineerTo>
<referedAttribute>F1B655E4-B928-0975-D787-C6DFD4E2508A</referedAttribute>
<useDomainConstraints>false</useDomainConstraints>
<use>1</use>
<logicalDatatype>LOGDT019</logicalDatatype>
<dataTypePrecision>3</dataTypePrecision>
<ownDataTypeParameters>,3,</ownDataTypeParameters>
</Attribute>
<Attribute name="id trabajador" id="165FC7E8-F6FB-C247-C4E7-A24C7A57E528">
<createdBy>lianl</createdBy>
<createdTime>2026-01-25 15:38:25 UTC</createdTime>
<generatorID>5C3886AB-E87A-7D95-F1B2-7C9371A75484</generatorID>
<ownerDesignName>modelo</ownerDesignName>
<engineerTo>
<item key="1C536239-8748-0834-D9BD-A5FAEBD67753" value="true"/>
</engineerTo>
<referedAttribute>41150BBB-60E3-7110-AD1D-D809102509B6</referedAttribute>
<useDomainConstraints>false</useDomainConstraints>
<use>1</use>
<logicalDatatype>LOGDT019</logicalDatatype>
<dataTypePrecision>6</dataTypePrecision>
<ownDataTypeParameters>,6,</ownDataTypeParameters>
</Attribute>
<Attribute name="sueldo" id="3CDD3953-C134-CD95-65DE-E3425749EB73">
<createdBy>lianl</createdBy>
<createdTime>2026-01-25 17:07:54 UTC</createdTime>
<notes><![CDATA[Compensación economica por trabajador.]]></notes>
<ownerDesignName>modelo</ownerDesignName>
<engineerTo>
<item key="1C536239-8748-0834-D9BD-A5FAEBD67753" value="true"/>
</engineerTo>
<useDomainConstraints>false</useDomainConstraints>
<use>1</use>
<logicalDatatype>LOGDT019</logicalDatatype>
<dataTypePrecision>7</dataTypePrecision>
<ownDataTypeParameters>,7,</ownDataTypeParameters>
</Attribute>
</attributes>
<identifiers itemClass="oracle.dbtools.crest.model.design.logical.CandidateKey">
<identifier id="3E3A9EA6-872F-C243-ADA7-79A42A2855C1" name="Contrato PK">
<createdBy>lianl</createdBy>
<createdTime>2026-01-24 22:05:27 UTC</createdTime>
<ownerDesignName>modelo</ownerDesignName>
<shouldEngineer>false</shouldEngineer>
<engineerTo>
<item key="1C536239-8748-0834-D9BD-A5FAEBD67753" value="false"/>
</engineerTo>
<pk>true</pk>
<usedAttributes>
<attributeRef>6E5010E4-8788-67DC-E06A-B2ABC86D1E66</attributeRef>
</usedAttributes>
</identifier>
</identifiers>
</Entity>