<?xml version = '1.0' encoding = 'UTF-8'?>
<Entity class="oracle.dbtools.crest.model.design.logical.Entity" directorySegmentName="seg_0" id="2D01CA5B-A4C4-D7A5-C329-6ED7AFFB833E" name="Boleta">
<createdBy>lianl</createdBy>
<createdTime>2026-01-24 21:52:03 UTC</createdTime>
<ownerDesignName>modelo</ownerDesignName>
<engineerTo>
<item key="1C536239-8748-0834-D9BD-A5FAEBD67753" value="true"/>
</engineerTo>
<adequatelyNormalized>NO</adequatelyNormalized>
<expectedVolumes>0</expectedVolumes>
<fwdEngineeringStrategyName>Single Table</fwdEngineeringStrategyName>
<growthPercent>0</growthPercent>
<growthType>Year</growthType>
<maxVolumes>9999999</maxVolumes>
<minVolumes>0</minVolumes>
<normalForm>Third</normalForm>
<attributes itemClass="oracle.dbtools.crest.model.design.logical.Attribute">
<Attribute name="numero boleta" id="5C57D2F4-C90F-947E-63F3-47907E79FE0B">
<createdBy>lianl</createdBy>
<createdTime>2026-01-24 21:52:09 UTC</createdTime>
<notes><![CDATA[número entero que identifica de forma única la boleta.]]></notes>
<ownerDesignName>modelo</ownerDesignName>
<engineerTo>
<item key="1C536239-8748-0834-D9BD-A5FAEBD67753" value="true"/>
</engineerTo>
<useDomainConstraints>false</useDomainConstraints>
<use>1</use>
<logicalDatatype>LOGDT019</logicalDatatype>
<dataTypePrecision>8</dataTypePrecision>
<ownDataTypeParameters>,8,</ownDataTypeParameters>
</Attribute>
<Attribute name="monto total" id="9F615AB7-1F70-6110-C6C4-38E8B0B4591A">
<createdBy>lianl</createdBy>
<createdTime>2026-01-24 21:52:51 UTC</createdTime>
<ownerDesignName>modelo</ownerDesignName>
<engineerTo>
<item key="1C536239-8748-0834-D9BD-A5FAEBD67753" value="true"/>
</engineerTo>
<useDomainConstraints>false</useDomainConstraints>
<use>1</use>
<logicalDatatype>LOGDT019</logicalDatatype>
<dataTypePrecision>12</dataTypePrecision>
<dataTypeScale>2</dataTypeScale>
<ownDataTypeParameters>,12,2</ownDataTypeParameters>
</Attribute>
<Attribute name="fecha boleta" id="3E19E0E5-FA79-47D0-10CF-609CC1B19F69">
<createdBy>lianl</createdBy>
<createdTime>2026-01-24 21:52:27 UTC</createdTime>
<notes><![CDATA[fecha y hora de emisión de la boleta.]]></notes>
<ownerDesignName>modelo</ownerDesignName>
<engineerTo>
<item key="1C536239-8748-0834-D9BD-A5FAEBD67753" value="true"/>
</engineerTo>
<useDomainConstraints>false</useDomainConstraints>
<use>1</use>
<logicalDatatype>LOGDT008</logicalDatatype>
<ownDataTypeParameters>,,</ownDataTypeParameters>
</Attribute>
<Attribute name="cantidad productos" id="25B351F3-2FFE-6906-772E-BF11671C1663">
<createdBy>lianl</createdBy>
<createdTime>2026-01-24 21:53:41 UTC</createdTime>
<notes><![CDATA[número entero mayor que cero.]]></notes>
<ownerDesignName>modelo</ownerDesignName>
<engineerTo>
<item key="1C536239-8748-0834-D9BD-A5FAEBD67753" value="true"/>
</engineerTo>
<useDomainConstraints>false</useDomainConstraints>
<use>1</use>
<logicalDatatype>LOGDT019</logicalDatatype>
<dataTypePrecision>4</dataTypePrecision>
<ownDataTypeParameters>,4,</ownDataTypeParameters>
</Attribute>
<Attribute name="id cliente" id="DAF11AAA-08CA-26BC-B94D-6AC693EECB13">
<createdBy>lianl</createdBy>
<createdTime>2026-01-24 22:03:15 UTC</createdTime>
<generatorID>22D676BD-B17D-8235-E377-F3902EBD0BC6</generatorID>
<ownerDesignName>modelo</ownerDesignName>
<engineerTo>
<item key="1C536239-8748-0834-D9BD-A5FAEBD67753" value="true"/>
</engineerTo>
<referedAttribute>9753A171-F80B-8545-0737-830CC9529C5A</referedAttribute>
<useDomainConstraints>false</useDomainConstraints>
<use>1</use>
<logicalDatatype>LOGDT019</logicalDatatype>
<dataTypePrecision>6</dataTypePrecision>
<ownDataTypeParameters>,,</ownDataTypeParameters>
</Attribute>
<Attribute name="id trabajador" id="DC1749D7-CAF2-1DB4-4C9A-387CB358F777">
<createdBy>lianl</createdBy>
<createdTime>2026-01-24 22:58:03 UTC</createdTime>
<generatorID>8D7ABDBF-EE87-70FC-A186-A58D833655D2</generatorID>
<ownerDesignName>modelo</ownerDesignName>
<engineerTo>
<item key="1C536239-8748-0834-D9BD-A5FAEBD67753" value="true"/>
</engineerTo>
<referedAttribute>41150BBB-60E3-7110-AD1D-D809102509B6</referedAttribute>
<useDomainConstraints>false</useDomainConstraints>
<use>1</use>
<logicalDatatype>LOGDT019</logicalDatatype>
<dataTypePrecision>6</dataTypePrecision>
<ownDataTypeParameters>,,</ownDataTypeParameters>
</Attribute>
<Attribute name="numero sucursal" id="FF552BF5-1A57-9B23-73F5-D82D04B7C509">
<createdBy>lianl</createdBy>
<createdTime>2026-01-24 22:58:23 UTC</createdTime>
<generatorID>09FC4DBE-9BD6-AC71-C855-5969347045EA</generatorID>
<ownerDesignName>modelo</ownerDesignName>
<engineerTo>
<item key="1C536239-8748-0834-D9BD-A5FAEBD67753" value="true"/>
</engineerTo>
<referedAttribute>2B527DFB-8D58-516C-A3F1-72068A5F424B</referedAttribute>
<useDomainConstraints>false</useDomainConstraints>
<use>1</use>
<logicalDatatype>LOGDT019</logicalDatatype>
<dataTypePrecision>3</dataTypePrecision>
<ownDataTypeParameters>,3,</ownDataTypeParameters>
</Attribute>
</attributes>
<identifiers itemClass="oracle.dbtools.crest.model.design.logical.CandidateKey">
<identifier id="F9860F40-80F2-298A-B34D-9236DE8F3BD7" name="Boleta PK">
<createdBy>lianl</createdBy>
<createdTime>2026-01-24 21:52:16 UTC</createdTime>
<ownerDesignName>modelo</ownerDesignName>
<shouldEngineer>false</shouldEngineer>
<engineerTo>
<item key="1C536239-8748-0834-D9BD-A5FAEBD67753" value="false"/>
</engineerTo>
<pk>true</pk>
<usedAttributes>
<attributeRef>5C57D2F4-C90F-947E-63F3-47907E79FE0B</attributeRef>
</usedAttributes>
</identifier>
</identifiers>
</Entity>