<?xml version = '1.0' encoding = 'UTF-8'?>
<Entity class="oracle.dbtools.crest.model.design.logical.Entity" directorySegmentName="seg_0" id="3A95743C-86F5-4969-EB2E-E8675C425C2C" name="Contrato practicante">
<createdBy>lianl</createdBy>
<createdTime>2026-01-25 16:47:44 UTC</createdTime>
<ownerDesignName>modelo</ownerDesignName>
<engineerTo>
<item key="1C536239-8748-0834-D9BD-A5FAEBD67753" value="true"/>
</engineerTo>
<adequatelyNormalized>NO</adequatelyNormalized>
<expectedVolumes>0</expectedVolumes>
<fwdEngineeringStrategyName>Single Table</fwdEngineeringStrategyName>
<growthPercent>0</growthPercent>
<growthType>Year</growthType>
<hierarchicalParent>1D84B136-0484-2025-359E-A8C89804A88A</hierarchicalParent>
<maxVolumes>9999999</maxVolumes>
<minVolumes>0</minVolumes>
<normalForm>Third</normalForm>
<attributes itemClass="oracle.dbtools.crest.model.design.logical.Attribute">
<Attribute name="cargo" id="2C331C8E-4F21-B49D-8839-12400CFE4218">
<createdBy>lianl</createdBy>
<createdTime>2026-01-25 18:09:41 UTC</createdTime>
<notes><![CDATA[cargo opcional]]></notes>
<ownerDesignName>modelo</ownerDesignName>
<engineerTo>
<item key="1C536239-8748-0834-D9BD-A5FAEBD67753" value="true"/>
</engineerTo>
<nullsAllowed>true</nullsAllowed>
<useDomainConstraints>false</useDomainConstraints>
<use>1</use>
<logicalDatatype>LOGDT024</logicalDatatype>
<dataTypeSize>15</dataTypeSize>
<ownDataTypeParameters>15,,</ownDataTypeParameters>
</Attribute>
</attributes>
</Entity>