<?xml version = '1.0' encoding = 'UTF-8'?>
<Entity class="oracle.dbtools.crest.model.design.logical.Entity" directorySegmentName="seg_0" id="74B24F6A-0862-F114-28F8-B0F0123AEA39" name="Cargo">
<createdBy>lianl</createdBy>
<createdTime>2026-01-24 22:53:26 UTC</createdTime>
<ownerDesignName>modelo</ownerDesignName>
<engineerTo>
<item key="1C536239-8748-0834-D9BD-A5FAEBD67753" value="true"/>
</engineerTo>
<adequatelyNormalized>NO</adequatelyNormalized>
<expectedVolumes>0</expectedVolumes>
<fwdEngineeringStrategyName>Single Table</fwdEngineeringStrategyName>
<growthPercent>0</growthPercent>
<growthType>Year</growthType>
<maxVolumes>9999999</maxVolumes>
<minVolumes>0</minVolumes>
<normalForm>Third</normalForm>
<attributes itemClass="oracle.dbtools.crest.model.design.logical.Attribute">
<Attribute name="id cargo" id="F1B655E4-B928-0975-D787-C6DFD4E2508A">
<createdBy>lianl</createdBy>
<createdTime>2026-01-24 22:53:35 UTC</createdTime>
<notes><![CDATA[Número entero que identifica de forma única el cargo.]]></notes>
<ownerDesignName>modelo</ownerDesignName>
<engineerTo>
<item key="1C536239-8748-0834-D9BD-A5FAEBD67753" value="true"/>
</engineerTo>
<useDomainConstraints>false</useDomainConstraints>
<use>1</use>
<logicalDatatype>LOGDT019</logicalDatatype>
<dataTypePrecision>3</dataTypePrecision>
<ownDataTypeParameters>,3,</ownDataTypeParameters>
</Attribute>
<Attribute name="nombre_cargo" id="BAE267C0-C11E-6104-B38A-0DE985A6276C">
<createdBy>lianl</createdBy>
<createdTime>2026-01-25 17:54:48 UTC</createdTime>
<notes><![CDATA[Nombre del cargo de trabajdor detallado en contrato.]]></notes>
<ownerDesignName>modelo</ownerDesignName>
<engineerTo>
<item key="1C536239-8748-0834-D9BD-A5FAEBD67753" value="true"/>
</engineerTo>
<useDomainConstraints>false</useDomainConstraints>
<use>1</use>
<logicalDatatype>LOGDT024</logicalDatatype>
<dataTypeSize>15</dataTypeSize>
<ownDataTypeParameters>15,,</ownDataTypeParameters>
</Attribute>
<Attribute name="descripcion" id="40E70F1D-39BE-307B-D5CA-28989C711E14">
<createdBy>lianl</createdBy>
<createdTime>2026-01-24 22:53:49 UTC</createdTime>
<notes><![CDATA[Texto descriptivo del cargo. Puede existir sin estar asignado a un contrato.]]></notes>
<ownerDesignName>modelo</ownerDesignName>
<engineerTo>
<item key="1C536239-8748-0834-D9BD-A5FAEBD67753" value="true"/>
</engineerTo>
<useDomainConstraints>false</useDomainConstraints>
<use>1</use>
<logicalDatatype>LOGDT024</logicalDatatype>
<dataTypeSize>100</dataTypeSize>
<ownDataTypeParameters>100,,</ownDataTypeParameters>
</Attribute>
</attributes>
<identifiers itemClass="oracle.dbtools.crest.model.design.logical.CandidateKey">
<identifier id="5D3401E3-265E-22F1-773F-D45C3F7D6767" name="Cargo PK">
<createdBy>lianl</createdBy>
<createdTime>2026-01-24 22:53:46 UTC</createdTime>
<ownerDesignName>modelo</ownerDesignName>
<shouldEngineer>false</shouldEngineer>
<engineerTo>
<item key="1C536239-8748-0834-D9BD-A5FAEBD67753" value="false"/>
</engineerTo>
<pk>true</pk>
<usedAttributes>
<attributeRef>F1B655E4-B928-0975-D787-C6DFD4E2508A</attributeRef>
</usedAttributes>
</identifier>
</identifiers>
</Entity>