<?xml version = '1.0' encoding = 'UTF-8'?>
<Entity class="oracle.dbtools.crest.model.design.logical.Entity" directorySegmentName="seg_0" id="9445B543-0760-0E16-328B-CC631EF2ECBF" name="Cliente">
<createdBy>lianl</createdBy>
<createdTime>2026-01-24 21:27:14 UTC</createdTime>
<ownerDesignName>modelo</ownerDesignName>
<engineerTo>
<item key="1C536239-8748-0834-D9BD-A5FAEBD67753" value="true"/>
</engineerTo>
<adequatelyNormalized>NO</adequatelyNormalized>
<expectedVolumes>0</expectedVolumes>
<fwdEngineeringStrategyName>Single Table</fwdEngineeringStrategyName>
<growthPercent>0</growthPercent>
<growthType>Year</growthType>
<maxVolumes>9999999</maxVolumes>
<minVolumes>0</minVolumes>
<normalForm>Third</normalForm>
<attributes itemClass="oracle.dbtools.crest.model.design.logical.Attribute">
<Attribute name="id cliente" id="9753A171-F80B-8545-0737-830CC9529C5A">
<createdBy>lianl</createdBy>
<createdTime>2026-01-24 21:27:32 UTC</createdTime>
<notes><![CDATA[Número entero que identifica de forma única al cliente.]]></notes>
<ownerDesignName>modelo</ownerDesignName>
<engineerTo>
<item key="1C536239-8748-0834-D9BD-A5FAEBD67753" value="true"/>
</engineerTo>
<useDomainConstraints>false</useDomainConstraints>
<use>1</use>
<logicalDatatype>LOGDT019</logicalDatatype>
<dataTypePrecision>6</dataTypePrecision>
<ownDataTypeParameters>,6,</ownDataTypeParameters>
</Attribute>
<Attribute name="rut" id="C31139BD-1CA6-48C4-A14C-C4E1DA2D4734">
<createdBy>lianl</createdBy>
<createdTime>2026-01-24 21:29:52 UTC</createdTime>
<notes><![CDATA[Texto único que identifica al cliente.]]></notes>
<ownerDesignName>modelo</ownerDesignName>
<engineerTo>
<item key="1C536239-8748-0834-D9BD-A5FAEBD67753" value="true"/>
</engineerTo>
<useDomainConstraints>false</useDomainConstraints>
<use>1</use>
<logicalDatatype>LOGDT024</logicalDatatype>
<dataTypeSize>12</dataTypeSize>
<ownDataTypeParameters>12,,</ownDataTypeParameters>
</Attribute>
<Attribute name="nombre" id="8450880B-8013-C713-5F50-D7438108B7C5">
<createdBy>lianl</createdBy>
<createdTime>2026-01-24 21:30:18 UTC</createdTime>
<notes><![CDATA[Texto que identifica el nombre del cliente.]]></notes>
<ownerDesignName>modelo</ownerDesignName>
<engineerTo>
<item key="1C536239-8748-0834-D9BD-A5FAEBD67753" value="true"/>
</engineerTo>
<useDomainConstraints>false</useDomainConstraints>
<use>1</use>
<logicalDatatype>LOGDT024</logicalDatatype>
<dataTypeSize>20</dataTypeSize>
<ownDataTypeParameters>20,,</ownDataTypeParameters>
</Attribute>
<Attribute name="apellido" id="B0BF92CB-0262-0262-D298-073B57F93D46">
<createdBy>lianl</createdBy>
<createdTime>2026-01-24 21:30:36 UTC</createdTime>
<notes><![CDATA[Texto que identifica el apellido del cliente.]]></notes>
<ownerDesignName>modelo</ownerDesignName>
<engineerTo>
<item key="1C536239-8748-0834-D9BD-A5FAEBD67753" value="true"/>
</engineerTo>
<useDomainConstraints>false</useDomainConstraints>
<use>1</use>
<logicalDatatype>LOGDT024</logicalDatatype>
<dataTypeSize>20</dataTypeSize>
<ownDataTypeParameters>20,,</ownDataTypeParameters>
</Attribute>
<Attribute name="puntos acumulados" id="4DA12256-AE24-583B-D3FB-02AAED612909">
<createdBy>lianl</createdBy>
<createdTime>2026-01-24 21:30:49 UTC</createdTime>
<notes><![CDATA[Cantidad de puntos acumulados de cliente.]]></notes>
<ownerDesignName>modelo</ownerDesignName>
<engineerTo>
<item key="1C536239-8748-0834-D9BD-A5FAEBD67753" value="true"/>
</engineerTo>
<useDomainConstraints>false</useDomainConstraints>
<use>1</use>
<logicalDatatype>LOGDT019</logicalDatatype>
<dataTypePrecision>8</dataTypePrecision>
<ownDataTypeParameters>,8,</ownDataTypeParameters>
</Attribute>
</attributes>
<identifiers itemClass="oracle.dbtools.crest.model.design.logical.CandidateKey">
<identifier id="45FC04BB-1D03-11D6-4521-55B6EB4D18EC" name="Cliente PK">
<createdBy>lianl</createdBy>
<createdTime>2026-01-24 21:29:37 UTC</createdTime>
<ownerDesignName>modelo</ownerDesignName>
<shouldEngineer>false</shouldEngineer>
<engineerTo>
<item key="1C536239-8748-0834-D9BD-A5FAEBD67753" value="false"/>
</engineerTo>
<pk>true</pk>
<usedAttributes>
<attributeRef>9753A171-F80B-8545-0737-830CC9529C5A</attributeRef>
</usedAttributes>
</identifier>
</identifiers>
</Entity>