<?xml version = '1.0' encoding = 'UTF-8'?>
<Entity class="oracle.dbtools.crest.model.design.logical.Entity" directorySegmentName="seg_0" id="9F59E391-8D25-D428-326A-EFC1661EA31A" name="Sucursal">
<createdBy>lianl</createdBy>
<createdTime>2026-01-24 20:07:40 UTC</createdTime>
<ownerDesignName>modelo</ownerDesignName>
<engineerTo>
<item key="1C536239-8748-0834-D9BD-A5FAEBD67753" value="true"/>
</engineerTo>
<adequatelyNormalized>NO</adequatelyNormalized>
<expectedVolumes>0</expectedVolumes>
<fwdEngineeringStrategyName>Single Table</fwdEngineeringStrategyName>
<growthPercent>0</growthPercent>
<growthType>Year</growthType>
<maxVolumes>9999999</maxVolumes>
<minVolumes>0</minVolumes>
<normalForm>Third</normalForm>
<attributes itemClass="oracle.dbtools.crest.model.design.logical.Attribute">
<Attribute name="numero sucursal" id="2B527DFB-8D58-516C-A3F1-72068A5F424B">
<createdBy>lianl</createdBy>
<createdTime>2026-01-24 20:40:42 UTC</createdTime>
<notes><![CDATA[Identifica de forma única la sucursal.]]></notes>
<ownerDesignName>modelo</ownerDesignName>
<engineerTo>
<item key="1C536239-8748-0834-D9BD-A5FAEBD67753" value="true"/>
</engineerTo>
<useDomainConstraints>false</useDomainConstraints>
<use>1</use>
<logicalDatatype>LOGDT019</logicalDatatype>
<dataTypePrecision>3</dataTypePrecision>
<ownDataTypeParameters>,3,</ownDataTypeParameters>
</Attribute>
<Attribute name="nombre sucursal" id="AEF46972-2805-D282-AC48-AD25860CB17B">
<createdBy>lianl</createdBy>
<createdTime>2026-01-24 20:08:28 UTC</createdTime>
<notes><![CDATA[El nombre de la sucursal es único y no puede repetirse.]]></notes>
<ownerDesignName>modelo</ownerDesignName>
<engineerTo>
<item key="1C536239-8748-0834-D9BD-A5FAEBD67753" value="true"/>
</engineerTo>
<useDomainConstraints>false</useDomainConstraints>
<use>1</use>
<logicalDatatype>LOGDT024</logicalDatatype>
<dataTypeSize>20</dataTypeSize>
<ownDataTypeParameters>20,,</ownDataTypeParameters>
</Attribute>
<Attribute name="direccion completa" id="5C6EEA80-394C-FA7B-E173-B392BC8049C8">
<createdBy>lianl</createdBy>
<createdTime>2026-01-25 16:26:41 UTC</createdTime>
<notes><![CDATA[Texto que almacena la dirección completa de la sucursal.]]></notes>
<ownerDesignName>modelo</ownerDesignName>
<engineerTo>
<item key="1C536239-8748-0834-D9BD-A5FAEBD67753" value="true"/>
</engineerTo>
<useDomainConstraints>false</useDomainConstraints>
<use>1</use>
<logicalDatatype>LOGDT024</logicalDatatype>
<dataTypeSize>100</dataTypeSize>
<ownDataTypeParameters>100,,</ownDataTypeParameters>
</Attribute>
</attributes>
<identifiers itemClass="oracle.dbtools.crest.model.design.logical.CandidateKey">
<identifier id="E385C3B0-EA73-5DB5-E629-C232EFE0A482" name="Sucursal PK">
<createdBy>lianl</createdBy>
<createdTime>2026-01-24 20:14:50 UTC</createdTime>
<ownerDesignName>modelo</ownerDesignName>
<shouldEngineer>false</shouldEngineer>
<engineerTo>
<item key="1C536239-8748-0834-D9BD-A5FAEBD67753" value="false"/>
</engineerTo>
<pk>true</pk>
<usedAttributes>
<attributeRef>2B527DFB-8D58-516C-A3F1-72068A5F424B</attributeRef>
</usedAttributes>
</identifier>
</identifiers>
</Entity>