<?xml version = '1.0' encoding = 'UTF-8'?>
<Entity class="oracle.dbtools.crest.model.design.logical.Entity" directorySegmentName="seg_0" id="A4A8A564-0D15-02B3-1561-860CA47F1C2F" name="Producto">
<createdBy>lianl</createdBy>
<createdTime>2026-01-24 20:26:26 UTC</createdTime>
<ownerDesignName>modelo</ownerDesignName>
<engineerTo>
<item key="1C536239-8748-0834-D9BD-A5FAEBD67753" value="true"/>
</engineerTo>
<adequatelyNormalized>NO</adequatelyNormalized>
<expectedVolumes>0</expectedVolumes>
<fwdEngineeringStrategyName>Single Table</fwdEngineeringStrategyName>
<growthPercent>0</growthPercent>
<growthType>Year</growthType>
<maxVolumes>9999999</maxVolumes>
<minVolumes>0</minVolumes>
<normalForm>Third</normalForm>
<attributes itemClass="oracle.dbtools.crest.model.design.logical.Attribute">
<Attribute name="sku" id="73FB4F9F-37CD-17C9-9E39-18F16377D3DC">
<createdBy>lianl</createdBy>
<createdTime>2026-01-24 20:26:59 UTC</createdTime>
<notes><![CDATA[Número entero que identifica de forma única el producto.]]></notes>
<ownerDesignName>modelo</ownerDesignName>
<engineerTo>
<item key="1C536239-8748-0834-D9BD-A5FAEBD67753" value="true"/>
</engineerTo>
<useDomainConstraints>false</useDomainConstraints>
<use>1</use>
<logicalDatatype>LOGDT019</logicalDatatype>
<dataTypePrecision>6</dataTypePrecision>
<ownDataTypeParameters>,6,</ownDataTypeParameters>
</Attribute>
<Attribute name="precio unitario" id="8338E1A9-7B36-9E3E-6C1F-E0F5D2094D8E">
<createdBy>lianl</createdBy>
<createdTime>2026-01-24 20:28:32 UTC</createdTime>
<notes><![CDATA[Valor monetario entre 2 mil pesos y 5 millones de pesos.]]></notes>
<ownerDesignName>modelo</ownerDesignName>
<engineerTo>
<item key="1C536239-8748-0834-D9BD-A5FAEBD67753" value="true"/>
</engineerTo>
<useDomainConstraints>false</useDomainConstraints>
<use>1</use>
<logicalDatatype>LOGDT019</logicalDatatype>
<dataTypePrecision>10</dataTypePrecision>
<dataTypeScale>2</dataTypeScale>
<ownDataTypeParameters>,10,2</ownDataTypeParameters>
</Attribute>
<Attribute name="marca" id="77FDE9EC-4C1D-1E95-1401-4F9CF90F47D7">
<createdBy>lianl</createdBy>
<createdTime>2026-01-24 20:38:24 UTC</createdTime>
<notes><![CDATA[Texto que indica la marca del producto.]]></notes>
<ownerDesignName>modelo</ownerDesignName>
<engineerTo>
<item key="1C536239-8748-0834-D9BD-A5FAEBD67753" value="true"/>
</engineerTo>
<useDomainConstraints>false</useDomainConstraints>
<use>1</use>
<logicalDatatype>LOGDT024</logicalDatatype>
<dataTypeSize>20</dataTypeSize>
<ownDataTypeParameters>20,,</ownDataTypeParameters>
</Attribute>
<Attribute name="stock bodega" id="0CF27031-680E-DBDB-CE42-436DDCAB26C2">
<createdBy>lianl</createdBy>
<createdTime>2026-01-24 21:25:56 UTC</createdTime>
<notes><![CDATA[Número entero que indica la cantidad de producto en bodega (no puede superar las 3 mil unidades).]]></notes>
<ownerDesignName>modelo</ownerDesignName>
<engineerTo>
<item key="1C536239-8748-0834-D9BD-A5FAEBD67753" value="true"/>
</engineerTo>
<useDomainConstraints>false</useDomainConstraints>
<use>1</use>
<logicalDatatype>LOGDT019</logicalDatatype>
<dataTypePrecision>4</dataTypePrecision>
<ownDataTypeParameters>,4,</ownDataTypeParameters>
</Attribute>
<Attribute name="descipcion" id="3A830C97-9170-EF6F-DE0D-63FE435399AE">
<createdBy>lianl</createdBy>
<createdTime>2026-01-24 20:28:22 UTC</createdTime>
<notes><![CDATA[Texto descriptivo del producto.]]></notes>
<ownerDesignName>modelo</ownerDesignName>
<engineerTo>
<item key="1C536239-8748-0834-D9BD-A5FAEBD67753" value="true"/>
</engineerTo>
<useDomainConstraints>false</useDomainConstraints>
<use>1</use>
<logicalDatatype>LOGDT024</logicalDatatype>
<dataTypeSize>100</dataTypeSize>
<ownDataTypeParameters>100,,</ownDataTypeParameters>
</Attribute>
</attributes>
<identifiers itemClass="oracle.dbtools.crest.model.design.logical.CandidateKey">
<identifier id="2BF3DA8F-27B3-A505-8283-7E776578B07C" name="Producto PK">
<createdBy>lianl</createdBy>
<createdTime>2026-01-24 20:27:44 UTC</createdTime>
<ownerDesignName>modelo</ownerDesignName>
<shouldEngineer>false</shouldEngineer>
<engineerTo>
<item key="1C536239-8748-0834-D9BD-A5FAEBD67753" value="false"/>
</engineerTo>
<pk>true</pk>
<usedAttributes>
<attributeRef>73FB4F9F-37CD-17C9-9E39-18F16377D3DC</attributeRef>
</usedAttributes>
</identifier>
</identifiers>
</Entity>