<?xml version = '1.0' encoding = 'UTF-8'?>
<Entity class="oracle.dbtools.crest.model.design.logical.Entity" directorySegmentName="seg_0" id="C3CF6D9D-4685-3458-71C8-4BAB1C7B1738" name="Trabajador">
<createdBy>lianl</createdBy>
<createdTime>2026-01-24 21:54:21 UTC</createdTime>
<ownerDesignName>modelo</ownerDesignName>
<engineerTo>
<item key="1C536239-8748-0834-D9BD-A5FAEBD67753" value="true"/>
</engineerTo>
<adequatelyNormalized>NO</adequatelyNormalized>
<expectedVolumes>0</expectedVolumes>
<fwdEngineeringStrategyName>Single Table</fwdEngineeringStrategyName>
<growthPercent>0</growthPercent>
<growthType>Year</growthType>
<maxVolumes>9999999</maxVolumes>
<minVolumes>0</minVolumes>
<normalForm>Third</normalForm>
<attributes itemClass="oracle.dbtools.crest.model.design.logical.Attribute">
<Attribute name="id trabajador" id="41150BBB-60E3-7110-AD1D-D809102509B6">
<createdBy>lianl</createdBy>
<createdTime>2026-01-24 21:54:41 UTC</createdTime>
<commentInRDBMS><![CDATA[Número entero que identifica de forma única al trabajador.]]></commentInRDBMS>
<ownerDesignName>modelo</ownerDesignName>
<engineerTo>
<item key="1C536239-8748-0834-D9BD-A5FAEBD67753" value="true"/>
</engineerTo>
<useDomainConstraints>false</useDomainConstraints>
<use>1</use>
<logicalDatatype>LOGDT019</logicalDatatype>
<dataTypePrecision>6</dataTypePrecision>
<ownDataTypeParameters>,6,</ownDataTypeParameters>
</Attribute>
<Attribute name="rut" id="E796B587-ECEE-70E9-AA7E-5EE04112AA1F">
<createdBy>lianl</createdBy>
<createdTime>2026-01-24 21:55:07 UTC</createdTime>
<commentInRDBMS><![CDATA[Texto único que identifica al trabajador.]]></commentInRDBMS>
<ownerDesignName>modelo</ownerDesignName>
<engineerTo>
<item key="1C536239-8748-0834-D9BD-A5FAEBD67753" value="true"/>
</engineerTo>
<useDomainConstraints>false</useDomainConstraints>
<use>1</use>
<logicalDatatype>LOGDT024</logicalDatatype>
<dataTypeSize>12</dataTypeSize>
<ownDataTypeParameters>12,,</ownDataTypeParameters>
</Attribute>
<Attribute name="nombre" id="B8626D80-3AD3-CCBD-A4D6-A04BAE4ECC8E">
<createdBy>lianl</createdBy>
<createdTime>2026-01-24 21:55:47 UTC</createdTime>
<commentInRDBMS><![CDATA[Texto que almacena el nombre del trabajador.]]></commentInRDBMS>
<ownerDesignName>modelo</ownerDesignName>
<engineerTo>
<item key="1C536239-8748-0834-D9BD-A5FAEBD67753" value="true"/>
</engineerTo>
<useDomainConstraints>false</useDomainConstraints>
<use>1</use>
<logicalDatatype>LOGDT024</logicalDatatype>
<dataTypeSize>20</dataTypeSize>
<ownDataTypeParameters>20,,</ownDataTypeParameters>
</Attribute>
<Attribute name="apellido" id="9EA4B541-8CAA-4F78-643D-A35B38355FC8">
<createdBy>lianl</createdBy>
<createdTime>2026-01-24 21:55:58 UTC</createdTime>
<commentInRDBMS><![CDATA[Texto que almacena el apellido del trabajador.]]></commentInRDBMS>
<ownerDesignName>modelo</ownerDesignName>
<engineerTo>
<item key="1C536239-8748-0834-D9BD-A5FAEBD67753" value="true"/>
</engineerTo>
<useDomainConstraints>false</useDomainConstraints>
<use>1</use>
<logicalDatatype>LOGDT024</logicalDatatype>
<dataTypeSize>20</dataTypeSize>
<ownDataTypeParameters>20,,</ownDataTypeParameters>
</Attribute>
<Attribute name="fecha nacimiento" id="9407BD55-A4E3-13FE-BDF7-9F66E0A9BAAA">
<createdBy>lianl</createdBy>
<createdTime>2026-01-25 15:26:34 UTC</createdTime>
<commentInRDBMS><![CDATA[Almacena fecha de nacimiento del trabajador.]]></commentInRDBMS>
<ownerDesignName>modelo</ownerDesignName>
<engineerTo>
<item key="1C536239-8748-0834-D9BD-A5FAEBD67753" value="true"/>
</engineerTo>
<useDomainConstraints>false</useDomainConstraints>
<use>1</use>
<logicalDatatype>LOGDT007</logicalDatatype>
<ownDataTypeParameters>,,</ownDataTypeParameters>
</Attribute>
<Attribute name="direccion" id="B6F14972-597C-D156-D551-85A8D57C5961">
<createdBy>lianl</createdBy>
<createdTime>2026-01-25 17:12:57 UTC</createdTime>
<notes><![CDATA[domicilio de trabajador.]]></notes>
<ownerDesignName>modelo</ownerDesignName>
<engineerTo>
<item key="1C536239-8748-0834-D9BD-A5FAEBD67753" value="true"/>
</engineerTo>
<useDomainConstraints>false</useDomainConstraints>
<use>1</use>
<logicalDatatype>LOGDT024</logicalDatatype>
<ownDataTypeParameters>,,</ownDataTypeParameters>
</Attribute>
</attributes>
<identifiers itemClass="oracle.dbtools.crest.model.design.logical.CandidateKey">
<identifier id="BC3DC83B-5D13-3225-7A4F-424BD5C780FA" name="Trabajador PK">
<createdBy>lianl</createdBy>
<createdTime>2026-01-24 21:54:52 UTC</createdTime>
<ownerDesignName>modelo</ownerDesignName>
<shouldEngineer>false</shouldEngineer>
<engineerTo>
<item key="1C536239-8748-0834-D9BD-A5FAEBD67753" value="false"/>
</engineerTo>
<pk>true</pk>
<usedAttributes>
<attributeRef>41150BBB-60E3-7110-AD1D-D809102509B6</attributeRef>
</usedAttributes>
</identifier>
</identifiers>
</Entity>