<?xml version = '1.0' encoding = 'UTF-8'?>
<Entity class="oracle.dbtools.crest.model.design.logical.Entity" directorySegmentName="seg_0" id="E1B1426D-AEB0-F82E-4260-753A746C3D62" name="Contrato indefinido">
<createdBy>lianl</createdBy>
<createdTime>2026-01-25 16:44:57 UTC</createdTime>
<ownerDesignName>modelo</ownerDesignName>
<engineerTo>
<item key="1C536239-8748-0834-D9BD-A5FAEBD67753" value="true"/>
</engineerTo>
<adequatelyNormalized>NO</adequatelyNormalized>
<expectedVolumes>0</expectedVolumes>
<fwdEngineeringStrategyName>Single Table</fwdEngineeringStrategyName>
<growthPercent>0</growthPercent>
<growthType>Year</growthType>
<hierarchicalParent>1D84B136-0484-2025-359E-A8C89804A88A</hierarchicalParent>
<maxVolumes>9999999</maxVolumes>
<minVolumes>0</minVolumes>
<normalForm>Third</normalForm>
<attributes itemClass="oracle.dbtools.crest.model.design.logical.Attribute">
<Attribute name="afp" id="F00AA29B-2C62-9CB8-072D-F0ADE1521409">
<createdBy>lianl</createdBy>
<createdTime>2026-01-25 16:45:19 UTC</createdTime>
<notes><![CDATA[Texto que indica la AFP del trabajador.]]></notes>
<ownerDesignName>modelo</ownerDesignName>
<engineerTo>
<item key="1C536239-8748-0834-D9BD-A5FAEBD67753" value="true"/>
</engineerTo>
<useDomainConstraints>false</useDomainConstraints>
<use>1</use>
<logicalDatatype>LOGDT024</logicalDatatype>
<dataTypeSize>40</dataTypeSize>
<ownDataTypeParameters>40,,</ownDataTypeParameters>
</Attribute>
<Attribute name="sistema salud" id="50ED897C-324D-2D98-C4D7-E23FE8D2C849">
<createdBy>lianl</createdBy>
<createdTime>2026-01-25 16:45:41 UTC</createdTime>
<notes><![CDATA[Texto que indica el sistema de salud del trabajador.]]></notes>
<ownerDesignName>modelo</ownerDesignName>
<engineerTo>
<item key="1C536239-8748-0834-D9BD-A5FAEBD67753" value="true"/>
</engineerTo>
<useDomainConstraints>false</useDomainConstraints>
<use>1</use>
<logicalDatatype>LOGDT024</logicalDatatype>
<dataTypeSize>40</dataTypeSize>
<ownDataTypeParameters>40,,</ownDataTypeParameters>
</Attribute>
<Attribute name="genero" id="0F9A60AA-0FED-A4AB-D538-92F49F3FF8B9">
<createdBy>lianl</createdBy>
<createdTime>2026-01-25 17:38:13 UTC</createdTime>
<notes><![CDATA[Género de trabajador (H / M / O) / (obligatorio).]]></notes>
<ownerDesignName>modelo</ownerDesignName>
<engineerTo>
<item key="1C536239-8748-0834-D9BD-A5FAEBD67753" value="true"/>
</engineerTo>
<useDomainConstraints>false</useDomainConstraints>
<use>1</use>
<logicalDatatype>LOGDT025</logicalDatatype>
<dataTypeSize>1</dataTypeSize>
<ownDataTypeParameters>1,,</ownDataTypeParameters>
</Attribute>
<Attribute name="id_cargo" id="6EF3423A-75C9-3D3A-C611-00E3A238B20E">
<createdBy>lianl</createdBy>
<createdTime>2026-01-25 18:02:17 UTC</createdTime>
<ownerDesignName>modelo</ownerDesignName>
<engineerTo>
<item key="1C536239-8748-0834-D9BD-A5FAEBD67753" value="true"/>
</engineerTo>
<use>0</use>
<ownDataTypeParameters>,,</ownDataTypeParameters>
</Attribute>
</attributes>
</Entity>