<?xml version = '1.0' encoding = 'UTF-8'?>
<FKArc class="oracle.dbtools.crest.model.design.relational.FKArc" directorySegmentName="seg_0" id="75D00ECA-B35B-3C3D-AB82-10C8F75F8D2B" name="FKArc_1">
<createdBy>lianl</createdBy>
<createdTime>2026-01-31 22:04:52 UTC</createdTime>
<ownerDesignName>sumativa</ownerDesignName>
<mandatory>false</mandatory>
<reverseArc>true</reverseArc>
<table>9139D36F-D88C-C36E-75C2-2FE7B9C734E6</table>
<fkeys>
<fkeyID>2C3037A0-A235-6BCA-ED6A-CD955EA7EBC8</fkeyID>
<fkeyID>270D9281-0C92-4E5D-B00D-3E6F7188D494</fkeyID>
</fkeys>
</FKArc>