<?xml version = '1.0' encoding = 'UTF-8'?>
<Relation class="oracle.dbtools.crest.model.design.logical.Relation" name="categoria_producto" directorySegmentName="seg_0" id="00C66E90-1A4F-BC7C-2D0D-44B4246BB151">
<createdBy>lianl</createdBy>
<createdTime>2026-02-08 17:40:31 UTC</createdTime>
<ownerDesignName>sumativa2</ownerDesignName>
<engineerTo>
<item key="78C76945-E111-3E3B-E379-C11503E03B85" value="true"/>
</engineerTo>
<sourcePk>58BACDCC-0823-E660-4410-3F03451EE58D</sourcePk>
<identifying>false</identifying>
<optionalSource>true</optionalSource>
<optionalTarget>false</optionalTarget>
<sourceCardinality>1</sourceCardinality>
<sourceEntity>CA0F1FB9-7A10-E33C-4B86-278C032472C8</sourceEntity>
<targetCardinalityString>*</targetCardinalityString>
<targetEntity>3E198341-33AC-8592-6B5B-009E5362C794</targetEntity>
<transferable>true</transferable>
<deleteRule>NO ACTION</deleteRule>
</Relation>