<?xml version = '1.0' encoding = 'UTF-8'?>
<Relation class="oracle.dbtools.crest.model.design.logical.Relation" name="sucursal_producto" directorySegmentName="seg_0" id="20620BC7-1853-9425-1F52-DE78C4697C9E">
<createdBy>lianl</createdBy>
<createdTime>2026-02-08 17:37:08 UTC</createdTime>
<ownerDesignName>sumativa2</ownerDesignName>
<engineerTo>
<item key="78C76945-E111-3E3B-E379-C11503E03B85" value="true"/>
</engineerTo>
<sourcePk>1A924E78-E573-CF6D-954C-515E80487C25</sourcePk>
<identifying>false</identifying>
<nameOnTarget>tiene</nameOnTarget>
<optionalSource>true</optionalSource>
<optionalTarget>false</optionalTarget>
<sourceCardinality>1</sourceCardinality>
<sourceEntity>32DFE542-9DC1-DD20-E431-C1E7D18D8BE3</sourceEntity>
<targetCardinalityString>*</targetCardinalityString>
<targetEntity>3E198341-33AC-8592-6B5B-009E5362C794</targetEntity>
<transferable>true</transferable>
<deleteRule>NO ACTION</deleteRule>
</Relation>