<?xml version = '1.0' encoding = 'UTF-8'?>
<Relation class="oracle.dbtools.crest.model.design.logical.Relation" name="comuna_sucursal" directorySegmentName="seg_0" id="2AE37525-1A46-ABBA-1DF5-DAF46D4302BC">
<createdBy>lianl</createdBy>
<createdTime>2026-02-08 17:01:50 UTC</createdTime>
<ownerDesignName>sumativa2</ownerDesignName>
<engineerTo>
<item key="78C76945-E111-3E3B-E379-C11503E03B85" value="true"/>
</engineerTo>
<sourcePk>6E903754-5B51-58BA-38A6-BAD56EED8CDB</sourcePk>
<identifying>false</identifying>
<nameOnSource>puede</nameOnSource>
<nameOnTarget>tener</nameOnTarget>
<optionalSource>true</optionalSource>
<optionalTarget>false</optionalTarget>
<sourceCardinality>1</sourceCardinality>
<sourceEntity>DFCFEFA3-26E4-D082-2D7D-0B212D415C27</sourceEntity>
<targetCardinalityString>*</targetCardinalityString>
<targetEntity>32DFE542-9DC1-DD20-E431-C1E7D18D8BE3</targetEntity>
<transferable>true</transferable>
<deleteRule>NO ACTION</deleteRule>
</Relation>