<?xml version = '1.0' encoding = 'UTF-8'?>
<Relation class="oracle.dbtools.crest.model.design.logical.Relation" name="region_comuna" directorySegmentName="seg_0" id="3C80F928-DA5F-A7DC-93D1-7DE920CB17C7">
<createdBy>lianl</createdBy>
<createdTime>2026-02-08 17:00:44 UTC</createdTime>
<ownerDesignName>sumativa2</ownerDesignName>
<engineerTo>
<item key="78C76945-E111-3E3B-E379-C11503E03B85" value="true"/>
</engineerTo>
<sourcePk>C6130207-B79C-5C63-E270-C725C8321C79</sourcePk>
<identifying>false</identifying>
<nameOnTarget>tiene</nameOnTarget>
<optionalSource>true</optionalSource>
<optionalTarget>false</optionalTarget>
<sourceCardinality>1</sourceCardinality>
<sourceEntity>574BEF65-7AFF-6EF0-D4BD-0F71A313FAEC</sourceEntity>
<targetCardinalityString>*</targetCardinalityString>
<targetEntity>DFCFEFA3-26E4-D082-2D7D-0B212D415C27</targetEntity>
<transferable>true</transferable>
<deleteRule>NO ACTION</deleteRule>
</Relation>