<?xml version = '1.0' encoding = 'UTF-8'?>
<Relation class="oracle.dbtools.crest.model.design.logical.Relation" name="proveedor_producto" directorySegmentName="seg_0" id="48E8C321-54DF-CF88-B231-4FBF97DA0B89">
<createdBy>lianl</createdBy>
<createdTime>2026-02-08 17:40:48 UTC</createdTime>
<ownerDesignName>sumativa2</ownerDesignName>
<engineerTo>
<item key="78C76945-E111-3E3B-E379-C11503E03B85" value="true"/>
</engineerTo>
<sourcePk>5D316ED8-D224-162F-9585-A1D2B832500F</sourcePk>
<identifying>false</identifying>
<optionalSource>true</optionalSource>
<optionalTarget>false</optionalTarget>
<sourceCardinality>1</sourceCardinality>
<sourceEntity>3FF92BF2-D66D-8D39-C927-3B8A3ABDE5DA</sourceEntity>
<targetCardinalityString>*</targetCardinalityString>
<targetEntity>3E198341-33AC-8592-6B5B-009E5362C794</targetEntity>
<transferable>true</transferable>
<deleteRule>NO ACTION</deleteRule>
</Relation>