<?xml version = '1.0' encoding = 'UTF-8'?>
<Relation class="oracle.dbtools.crest.model.design.logical.Relation" name="sucursal_boleta" directorySegmentName="seg_0" id="4D229E08-5A9B-0863-3174-B50805F1AF08">
<createdBy>lianl</createdBy>
<createdTime>2026-02-08 17:41:52 UTC</createdTime>
<ownerDesignName>sumativa2</ownerDesignName>
<engineerTo>
<item key="78C76945-E111-3E3B-E379-C11503E03B85" value="true"/>
</engineerTo>
<sourcePk>1A924E78-E573-CF6D-954C-515E80487C25</sourcePk>
<identifying>false</identifying>
<optionalSource>true</optionalSource>
<optionalTarget>false</optionalTarget>
<sourceCardinality>1</sourceCardinality>
<sourceEntity>32DFE542-9DC1-DD20-E431-C1E7D18D8BE3</sourceEntity>
<targetCardinalityString>*</targetCardinalityString>
<targetEntity>89DA30C4-C6E4-470E-A1D3-0D89DF482EFB</targetEntity>
<transferable>true</transferable>
<deleteRule>NO ACTION</deleteRule>
</Relation>