<?xml version = '1.0' encoding = 'UTF-8'?>
<Relation class="oracle.dbtools.crest.model.design.logical.Relation" name="detalle_boleta" directorySegmentName="seg_0" id="6CBFE592-82F8-CFCF-63D3-5308E4544E8B">
<createdBy>lianl</createdBy>
<createdTime>2026-02-08 17:43:51 UTC</createdTime>
<ownerDesignName>sumativa2</ownerDesignName>
<engineerTo>
<item key="78C76945-E111-3E3B-E379-C11503E03B85" value="true"/>
</engineerTo>
<sourcePk>A9EEAD8A-69A3-72A9-89F6-73BCAA4EB335</sourcePk>
<identifying>false</identifying>
<optionalSource>true</optionalSource>
<optionalTarget>false</optionalTarget>
<sourceCardinality>1</sourceCardinality>
<sourceEntity>60BF4F3D-632D-9EDE-0782-58E7709F6025</sourceEntity>
<targetCardinalityString>*</targetCardinalityString>
<targetEntity>89DA30C4-C6E4-470E-A1D3-0D89DF482EFB</targetEntity>
<transferable>true</transferable>
<deleteRule>NO ACTION</deleteRule>
</Relation>