<?xml version = '1.0' encoding = 'UTF-8'?>
<Relation class="oracle.dbtools.crest.model.design.logical.Relation" name="producto_detalle_boleta" directorySegmentName="seg_0" id="B29EE3E8-75E3-9210-3B9C-741CC7D6FB2C">
<createdBy>lianl</createdBy>
<createdTime>2026-02-08 17:44:15 UTC</createdTime>
<ownerDesignName>sumativa2</ownerDesignName>
<engineerTo>
<item key="78C76945-E111-3E3B-E379-C11503E03B85" value="true"/>
</engineerTo>
<sourcePk>CD44E583-4377-DF4E-75CA-7A16F1F1EB27</sourcePk>
<targetPk>A9EEAD8A-69A3-72A9-89F6-73BCAA4EB335</targetPk>
<identifying>false</identifying>
<optionalSource>true</optionalSource>
<optionalTarget>false</optionalTarget>
<sourceCardinality>*</sourceCardinality>
<sourceEntity>3E198341-33AC-8592-6B5B-009E5362C794</sourceEntity>
<targetCardinalityString>1</targetCardinalityString>
<targetEntity>60BF4F3D-632D-9EDE-0782-58E7709F6025</targetEntity>
<transferable>true</transferable>
<deleteRule>NO ACTION</deleteRule>
</Relation>