<?xml version = '1.0' encoding = 'UTF-8'?>
<Relation class="oracle.dbtools.crest.model.design.logical.Relation" name="cliente_boleta" directorySegmentName="seg_0" id="B923C25F-4507-6B81-117B-017744560FB2">
<createdBy>lianl</createdBy>
<createdTime>2026-02-08 17:41:24 UTC</createdTime>
<ownerDesignName>sumativa2</ownerDesignName>
<engineerTo>
<item key="78C76945-E111-3E3B-E379-C11503E03B85" value="true"/>
</engineerTo>
<sourcePk>46A19CC4-23E6-FE0A-1015-89D9A631C404</sourcePk>
<identifying>false</identifying>
<nameOnSource>puede</nameOnSource>
<nameOnTarget>tener</nameOnTarget>
<optionalSource>true</optionalSource>
<optionalTarget>false</optionalTarget>
<sourceCardinality>1</sourceCardinality>
<sourceEntity>C86B5FC2-3DB0-BEA8-8881-93D0DB62CB98</sourceEntity>
<targetCardinalityString>*</targetCardinalityString>
<targetEntity>89DA30C4-C6E4-470E-A1D3-0D89DF482EFB</targetEntity>
<transferable>true</transferable>
<deleteRule>NO ACTION</deleteRule>
</Relation>