<?xml version = '1.0' encoding = 'UTF-8'?>
<Relation class="oracle.dbtools.crest.model.design.logical.Relation" name="marca_modelo" directorySegmentName="seg_0" id="C649F70D-26FE-13EC-2AF1-C55271C0AC70">
<createdBy>lianl</createdBy>
<createdTime>2026-02-08 17:07:35 UTC</createdTime>
<ownerDesignName>sumativa2</ownerDesignName>
<engineerTo>
<item key="78C76945-E111-3E3B-E379-C11503E03B85" value="true"/>
</engineerTo>
<sourcePk>2EA939CA-9877-1646-14A0-5FDAE844D683</sourcePk>
<identifying>false</identifying>
<nameOnSource>puede</nameOnSource>
<nameOnTarget>tener</nameOnTarget>
<optionalSource>true</optionalSource>
<optionalTarget>false</optionalTarget>
<sourceCardinality>1</sourceCardinality>
<sourceEntity>3012D5C5-3E3E-E9F4-4020-FC07F1AC7E22</sourceEntity>
<targetCardinalityString>*</targetCardinalityString>
<targetEntity>B0C678A8-1EE1-0F07-23E5-F8BD79E5324D</targetEntity>
<transferable>true</transferable>
<deleteRule>NO ACTION</deleteRule>
</Relation>