<?xml version = '1.0' encoding = 'UTF-8'?>
<Relation class="oracle.dbtools.crest.model.design.logical.Relation" name="modelo_producto" directorySegmentName="seg_0" id="E51AD8A4-A16A-B2BB-FBD6-5AAB550514AC">
<createdBy>lianl</createdBy>
<createdTime>2026-02-08 17:40:02 UTC</createdTime>
<ownerDesignName>sumativa2</ownerDesignName>
<engineerTo>
<item key="78C76945-E111-3E3B-E379-C11503E03B85" value="true"/>
</engineerTo>
<sourcePk>E4083135-3D41-DE21-AFA5-23C5D0E484F5</sourcePk>
<identifying>false</identifying>
<optionalSource>true</optionalSource>
<optionalTarget>false</optionalTarget>
<sourceCardinality>1</sourceCardinality>
<sourceEntity>B0C678A8-1EE1-0F07-23E5-F8BD79E5324D</sourceEntity>
<targetCardinalityString>*</targetCardinalityString>
<targetEntity>3E198341-33AC-8592-6B5B-009E5362C794</targetEntity>
<transferable>true</transferable>
<deleteRule>NO ACTION</deleteRule>
</Relation>