<?xml version = '1.0' encoding = 'UTF-8'?>
<Table class="oracle.dbtools.crest.model.design.relational.Table" directorySegmentName="seg_0" id="1009B1CA-EF79-4A3C-6833-FAA54A256AA0" name="Marca">
<createdBy>lianl</createdBy>
<createdTime>2026-02-08 17:56:13 UTC</createdTime>
<generatorID>3012D5C5-3E3E-E9F4-4020-FC07F1AC7E22</generatorID>
<ownerDesignName>sumativa2</ownerDesignName>
<allowColumnReorder>false</allowColumnReorder>
<existDependencyGenerateInDDl>true</existDependencyGenerateInDDl>
<parsed>true</parsed>
<columns itemClass="oracle.dbtools.crest.model.design.relational.Column">
<Column name="id_marca" id="53D903DD-3242-34F3-712C-824BB7C83EFD">
<createdBy>lianl</createdBy>
<createdTime>2026-02-08 17:56:13 UTC</createdTime>
<generatorID>0DEEDFE7-3E7F-1E3F-3E03-F3A65A97FCCD</generatorID>
<ownerDesignName>sumativa2</ownerDesignName>
<useDomainConstraints>false</useDomainConstraints>
<use>1</use>
<logicalDatatype>LOGDT019</logicalDatatype>
<dataTypePrecision>4</dataTypePrecision>
<ownDataTypeParameters>,4,</ownDataTypeParameters>
<autoIncrementCycle>false</autoIncrementCycle>
</Column>
<Column name="nombre_marca" id="46287EA3-01C9-19CD-6487-BB7B5853D87F">
<createdBy>lianl</createdBy>
<createdTime>2026-02-08 17:56:13 UTC</createdTime>
<generatorID>CA3A7E10-2E0A-A3E3-8499-5A8A39F491A6</generatorID>
<ownerDesignName>sumativa2</ownerDesignName>
<useDomainConstraints>false</useDomainConstraints>
<use>1</use>
<logicalDatatype>LOGDT024</logicalDatatype>
<dataTypeSize>20</dataTypeSize>
<ownDataTypeParameters>20,,</ownDataTypeParameters>
<autoIncrementCycle>false</autoIncrementCycle>
</Column>
</columns>
<indexes itemClass="oracle.dbtools.crest.model.design.relational.Index">
<ind_PK_UK id="0122AF95-DB08-C7CD-81B3-F3BE8D050F98" name="Marca_PK">
<createdBy>lianl</createdBy>
<createdTime>2026-02-08 17:56:13 UTC</createdTime>
<generatorID>2EA939CA-9877-1646-14A0-5FDAE844D683</generatorID>
<ownerDesignName>sumativa2</ownerDesignName>
<pk>true</pk>
<indexState>Primary Constraint</indexState>
<isSurrogateKey>false</isSurrogateKey>
<indexColumnUsage>
<colUsage columnID="53D903DD-3242-34F3-712C-824BB7C83EFD"/>
</indexColumnUsage>
</ind_PK_UK>
</indexes>
</Table>