<?xml version = '1.0' encoding = 'UTF-8'?>
<Table class="oracle.dbtools.crest.model.design.relational.Table" directorySegmentName="seg_0" id="10FD7A87-5CA3-3C95-4974-0BC7C161A63D" name="Modelo_producto">
<createdBy>lianl</createdBy>
<createdTime>2026-02-08 17:56:13 UTC</createdTime>
<generatorID>B0C678A8-1EE1-0F07-23E5-F8BD79E5324D</generatorID>
<ownerDesignName>sumativa2</ownerDesignName>
<allowColumnReorder>false</allowColumnReorder>
<existDependencyGenerateInDDl>true</existDependencyGenerateInDDl>
<parsed>true</parsed>
<columns itemClass="oracle.dbtools.crest.model.design.relational.Column">
<Column name="id_modelo" id="71006AF5-B136-AE49-9C39-8E6FB850A455">
<createdBy>lianl</createdBy>
<createdTime>2026-02-08 17:56:13 UTC</createdTime>
<generatorID>5AA6511E-89DA-B7B9-FB1F-C42808196412</generatorID>
<ownerDesignName>sumativa2</ownerDesignName>
<useDomainConstraints>false</useDomainConstraints>
<use>1</use>
<logicalDatatype>LOGDT019</logicalDatatype>
<dataTypePrecision>3</dataTypePrecision>
<ownDataTypeParameters>,3,</ownDataTypeParameters>
<autoIncrementCycle>false</autoIncrementCycle>
</Column>
<Column name="nombre_modelo" id="C1FD87B6-0242-BC37-5A71-8FF0341DBE6E">
<createdBy>lianl</createdBy>
<createdTime>2026-02-08 17:56:13 UTC</createdTime>
<generatorID>30984230-06F3-345B-7422-03B5F0738846</generatorID>
<ownerDesignName>sumativa2</ownerDesignName>
<useDomainConstraints>false</useDomainConstraints>
<use>1</use>
<logicalDatatype>LOGDT024</logicalDatatype>
<dataTypeSize>30</dataTypeSize>
<ownDataTypeParameters>30,,</ownDataTypeParameters>
<autoIncrementCycle>false</autoIncrementCycle>
</Column>
<Column name="Marca_id_marca" id="787B2D75-02E5-D034-47BA-DE65FF7B8FB8">
<createdBy>lianl</createdBy>
<createdTime>2026-02-08 17:56:13 UTC</createdTime>
<generatorID>1455086C-5497-66B4-58BB-3444B20AF71B</generatorID>
<ownerDesignName>sumativa2</ownerDesignName>
<useDomainConstraints>false</useDomainConstraints>
<use>1</use>
<logicalDatatype>LOGDT019</logicalDatatype>
<dataTypePrecision>4</dataTypePrecision>
<ownDataTypeParameters>,,</ownDataTypeParameters>
<previousColumn>false</previousColumn>
<autoIncrementCycle>false</autoIncrementCycle>
<associations>
<colAssociation fkAssociation="6650AA09-3D7A-89D5-E463-614214C1BDA8" referredColumn="53D903DD-3242-34F3-712C-824BB7C83EFD"/>
</associations>
</Column>
</columns>
<indexes itemClass="oracle.dbtools.crest.model.design.relational.Index">
<ind_PK_UK id="2AF53023-134D-B8E1-9A97-439203570F3B" name="Modelo_producto_PK">
<createdBy>lianl</createdBy>
<createdTime>2026-02-08 17:56:13 UTC</createdTime>
<generatorID>E4083135-3D41-DE21-AFA5-23C5D0E484F5</generatorID>
<ownerDesignName>sumativa2</ownerDesignName>
<pk>true</pk>
<indexState>Primary Constraint</indexState>
<isSurrogateKey>false</isSurrogateKey>
<indexColumnUsage>
<colUsage columnID="71006AF5-B136-AE49-9C39-8E6FB850A455"/>
</indexColumnUsage>
</ind_PK_UK>
<ind_PK_UK id="F642D92C-D2D2-8225-33AA-97F5E35BA5A1" name="Modelo_producto_Marca_FK">
<createdBy>lianl</createdBy>
<createdTime>2026-02-08 17:56:14 UTC</createdTime>
<generatorID>C649F70D-26FE-13EC-2AF1-C55271C0AC70</generatorID>
<ownerDesignName>sumativa2</ownerDesignName>
<indexState>Foreign Key</indexState>
<isSurrogateKey>false</isSurrogateKey>
<indexColumnUsage>
<colUsage columnID="787B2D75-02E5-D034-47BA-DE65FF7B8FB8"/>
</indexColumnUsage>
</ind_PK_UK>
</indexes>
</Table>