<?xml version = '1.0' encoding = 'UTF-8'?>
<Table class="oracle.dbtools.crest.model.design.relational.Table" directorySegmentName="seg_0" id="211D3179-EA87-556F-9416-DD7174F8F076" name="Region">
<createdBy>lianl</createdBy>
<createdTime>2026-02-08 17:56:13 UTC</createdTime>
<generatorID>574BEF65-7AFF-6EF0-D4BD-0F71A313FAEC</generatorID>
<ownerDesignName>sumativa2</ownerDesignName>
<allowColumnReorder>false</allowColumnReorder>
<existDependencyGenerateInDDl>true</existDependencyGenerateInDDl>
<parsed>true</parsed>
<columns itemClass="oracle.dbtools.crest.model.design.relational.Column">
<Column name="id_region" id="6908CECE-6827-1EF4-21A2-FF9A8785FB36">
<createdBy>lianl</createdBy>
<createdTime>2026-02-08 17:56:13 UTC</createdTime>
<generatorID>3D3ADD7D-5FDA-E002-8419-DF5410963BD6</generatorID>
<ownerDesignName>sumativa2</ownerDesignName>
<useDomainConstraints>false</useDomainConstraints>
<use>1</use>
<logicalDatatype>LOGDT019</logicalDatatype>
<dataTypePrecision>2</dataTypePrecision>
<ownDataTypeParameters>,2,</ownDataTypeParameters>
<autoIncrementCycle>false</autoIncrementCycle>
</Column>
<Column name="nombre_region" id="E94FF438-B76E-6D25-8E77-7039B105F69F">
<createdBy>lianl</createdBy>
<createdTime>2026-02-08 17:56:13 UTC</createdTime>
<generatorID>B3A57F91-D613-F332-82EB-493332B1BDD2</generatorID>
<ownerDesignName>sumativa2</ownerDesignName>
<useDomainConstraints>false</useDomainConstraints>
<use>1</use>
<logicalDatatype>LOGDT024</logicalDatatype>
<dataTypeSize>30</dataTypeSize>
<ownDataTypeParameters>30,,</ownDataTypeParameters>
<autoIncrementCycle>false</autoIncrementCycle>
</Column>
</columns>
<indexes itemClass="oracle.dbtools.crest.model.design.relational.Index">
<ind_PK_UK id="956A5668-3409-FA4F-A131-DBDC0F1F57B1" name="Region_PK">
<createdBy>lianl</createdBy>
<createdTime>2026-02-08 17:56:13 UTC</createdTime>
<generatorID>C6130207-B79C-5C63-E270-C725C8321C79</generatorID>
<ownerDesignName>sumativa2</ownerDesignName>
<pk>true</pk>
<indexState>Primary Constraint</indexState>
<isSurrogateKey>false</isSurrogateKey>
<indexColumnUsage>
<colUsage columnID="6908CECE-6827-1EF4-21A2-FF9A8785FB36"/>
</indexColumnUsage>
</ind_PK_UK>
</indexes>
</Table>