<?xml version = '1.0' encoding = 'UTF-8'?>
<Table class="oracle.dbtools.crest.model.design.relational.Table" directorySegmentName="seg_0" id="753F8112-F7D4-EFBE-3AA5-861F291B89EA" name="Proveedor_persona">
<createdBy>lianl</createdBy>
<createdTime>2026-02-08 17:56:13 UTC</createdTime>
<generatorID>8CA6DF70-CC51-6F42-F430-58F9BE9CF4BB</generatorID>
<ownerDesignName>sumativa2</ownerDesignName>
<allowColumnReorder>false</allowColumnReorder>
<existDependencyGenerateInDDl>true</existDependencyGenerateInDDl>
<parsed>true</parsed>
<columns itemClass="oracle.dbtools.crest.model.design.relational.Column">
<Column name="id_proveedor" id="817A22D5-636F-3D94-034D-CF598D82FB1C">
<createdBy>lianl</createdBy>
<createdTime>2026-02-08 17:56:14 UTC</createdTime>
<generatorID>6F2EEE96-442E-E94C-75BB-B6F1FEDA4C54</generatorID>
<ownerDesignName>sumativa2</ownerDesignName>
<useDomainConstraints>false</useDomainConstraints>
<use>1</use>
<logicalDatatype>LOGDT019</logicalDatatype>
<dataTypePrecision>3</dataTypePrecision>
<ownDataTypeParameters>,,</ownDataTypeParameters>
<autoIncrementCycle>false</autoIncrementCycle>
<associations>
<colAssociation fkAssociation="E0392952-84C2-F090-8E79-0D34EAACE830" referredColumn="098674AE-8650-FBB4-0BFE-C952631BA20A"/>
</associations>
</Column>
<Column name="nombre" id="F1955DDA-98E6-3B69-6E04-481E501A9EE7">
<createdBy>lianl</createdBy>
<createdTime>2026-02-08 17:56:14 UTC</createdTime>
<generatorID>DC8B23FD-DC30-82EA-D420-A507EC2D163E</generatorID>
<ownerDesignName>sumativa2</ownerDesignName>
<useDomainConstraints>false</useDomainConstraints>
<use>1</use>
<logicalDatatype>LOGDT024</logicalDatatype>
<dataTypeSize>50</dataTypeSize>
<ownDataTypeParameters>50,,</ownDataTypeParameters>
<autoIncrementCycle>false</autoIncrementCycle>
</Column>
<Column name="apellido" id="54E612E8-F7C9-BDA3-941C-8F042859B1F3">
<createdBy>lianl</createdBy>
<createdTime>2026-02-08 17:56:14 UTC</createdTime>
<generatorID>E26F3F8B-BE59-0071-32BB-1107FF870529</generatorID>
<ownerDesignName>sumativa2</ownerDesignName>
<useDomainConstraints>false</useDomainConstraints>
<use>1</use>
<logicalDatatype>LOGDT024</logicalDatatype>
<dataTypeSize>50</dataTypeSize>
<ownDataTypeParameters>50,,</ownDataTypeParameters>
<autoIncrementCycle>false</autoIncrementCycle>
</Column>
</columns>
<indexes itemClass="oracle.dbtools.crest.model.design.relational.Index">
<ind_PK_UK id="7C9AB5B4-60FD-D588-B03D-59073666251A" name="Proveedor_persona_PK">
<createdBy>lianl</createdBy>
<createdTime>2026-02-08 17:56:14 UTC</createdTime>
<generatorID>5D316ED8-D224-162F-9585-A1D2B832500F</generatorID>
<ownerDesignName>sumativa2</ownerDesignName>
<pk>true</pk>
<indexState>Primary Constraint</indexState>
<isSurrogateKey>false</isSurrogateKey>
<indexColumnUsage>
<colUsage columnID="817A22D5-636F-3D94-034D-CF598D82FB1C"/>
</indexColumnUsage>
</ind_PK_UK>
<ind_PK_UK id="F9D3D7CF-79E6-0321-5D48-4E9D0B66A959" name="Proveedor_persona_Proveedor_FK">
<createdBy>lianl</createdBy>
<createdTime>2026-02-08 17:56:14 UTC</createdTime>
<generatorID>11823069-4CA7-3343-2709-0F94710E7D07</generatorID>
<ownerDesignName>sumativa2</ownerDesignName>
<indexState>Foreign Key</indexState>
<isSurrogateKey>false</isSurrogateKey>
<indexColumnUsage>
<colUsage columnID="817A22D5-636F-3D94-034D-CF598D82FB1C"/>
</indexColumnUsage>
</ind_PK_UK>
</indexes>
</Table>