<?xml version = '1.0' encoding = 'UTF-8'?>
<Table class="oracle.dbtools.crest.model.design.relational.Table" directorySegmentName="seg_0" id="B4664C05-8233-0038-C67E-2B84F224465A" name="Boleta">
<createdBy>lianl</createdBy>
<createdTime>2026-02-08 17:56:13 UTC</createdTime>
<generatorID>89DA30C4-C6E4-470E-A1D3-0D89DF482EFB</generatorID>
<ownerDesignName>sumativa2</ownerDesignName>
<allowColumnReorder>false</allowColumnReorder>
<existDependencyGenerateInDDl>true</existDependencyGenerateInDDl>
<parsed>true</parsed>
<columns itemClass="oracle.dbtools.crest.model.design.relational.Column">
<Column name="id_boleta" id="957F664B-7153-8406-8A8F-3CBAD5A35940">
<createdBy>lianl</createdBy>
<createdTime>2026-02-08 17:56:13 UTC</createdTime>
<generatorID>5F19C429-16FB-88F5-66A3-2FA11FC4B3C3</generatorID>
<ownerDesignName>sumativa2</ownerDesignName>
<useDomainConstraints>false</useDomainConstraints>
<use>1</use>
<logicalDatatype>LOGDT019</logicalDatatype>
<dataTypePrecision>5</dataTypePrecision>
<ownDataTypeParameters>,5,</ownDataTypeParameters>
<autoIncrementCycle>false</autoIncrementCycle>
</Column>
<Column name="fecha" id="B86B0E98-2F7F-1921-6FAC-E47464D3A82E">
<createdBy>lianl</createdBy>
<createdTime>2026-02-08 17:56:13 UTC</createdTime>
<generatorID>72971D85-D577-E9E8-FF3D-4C40DE578775</generatorID>
<ownerDesignName>sumativa2</ownerDesignName>
<useDomainConstraints>false</useDomainConstraints>
<use>1</use>
<logicalDatatype>LOGDT008</logicalDatatype>
<ownDataTypeParameters>,,</ownDataTypeParameters>
<autoIncrementCycle>false</autoIncrementCycle>
</Column>
<Column name="monto_total" id="6A1850D0-1975-D30C-3D4F-753727186135">
<createdBy>lianl</createdBy>
<createdTime>2026-02-08 17:56:13 UTC</createdTime>
<generatorID>46F9595F-22D6-E826-0323-BEDA215348D5</generatorID>
<ownerDesignName>sumativa2</ownerDesignName>
<useDomainConstraints>false</useDomainConstraints>
<use>1</use>
<logicalDatatype>LOGDT019</logicalDatatype>
<dataTypePrecision>10</dataTypePrecision>
<ownDataTypeParameters>,10,</ownDataTypeParameters>
<autoIncrementCycle>false</autoIncrementCycle>
</Column>
<Column name="Cliente_id_cliente" id="C754B6E0-3345-6BA5-5370-4679B2C0901F">
<createdBy>lianl</createdBy>
<createdTime>2026-02-08 17:56:13 UTC</createdTime>
<generatorID>C0977189-8088-6871-8C81-897F4B560EA2</generatorID>
<ownerDesignName>sumativa2</ownerDesignName>
<useDomainConstraints>false</useDomainConstraints>
<use>1</use>
<logicalDatatype>LOGDT019</logicalDatatype>
<dataTypePrecision>4</dataTypePrecision>
<ownDataTypeParameters>,,</ownDataTypeParameters>
<previousColumn>false</previousColumn>
<autoIncrementCycle>false</autoIncrementCycle>
<associations>
<colAssociation fkAssociation="4BC280D2-78CB-6803-F5FF-2307DFF4C5A1" referredColumn="C3BC7BD8-1A14-1FF2-0142-B7C33F5F74D0"/>
</associations>
</Column>
<Column name="Sucursal_id_sucursal" id="A862C3B2-9361-A9D0-A058-3450E77C20AC">
<createdBy>lianl</createdBy>
<createdTime>2026-02-08 17:56:13 UTC</createdTime>
<generatorID>E4D73038-858C-C75F-EAF9-79C0E7E87DD7</generatorID>
<ownerDesignName>sumativa2</ownerDesignName>
<useDomainConstraints>false</useDomainConstraints>
<use>1</use>
<logicalDatatype>LOGDT019</logicalDatatype>
<dataTypePrecision>3</dataTypePrecision>
<ownDataTypeParameters>,,</ownDataTypeParameters>
<previousColumn>false</previousColumn>
<autoIncrementCycle>false</autoIncrementCycle>
<associations>
<colAssociation fkAssociation="F22F1C60-2BC9-55DA-6101-5DDF452FD118" referredColumn="4D62BF0C-CD72-1BF3-A644-ED958A0DCC9D"/>
</associations>
</Column>
<Column name="Detalle_boleta_id_detalle_boleta" id="84E6B5FC-CE5F-9935-06C6-13DB2F1CF4FA">
<createdBy>lianl</createdBy>
<createdTime>2026-02-08 17:56:13 UTC</createdTime>
<generatorID>F43A628D-16A3-AC57-68C8-3B6D52A3C5EA</generatorID>
<ownerDesignName>sumativa2</ownerDesignName>
<useDomainConstraints>false</useDomainConstraints>
<use>1</use>
<logicalDatatype>LOGDT019</logicalDatatype>
<dataTypePrecision>5</dataTypePrecision>
<ownDataTypeParameters>,,</ownDataTypeParameters>
<previousColumn>false</previousColumn>
<autoIncrementCycle>false</autoIncrementCycle>
<associations>
<colAssociation fkAssociation="A927E719-7F73-0B74-5EA2-01AFD4D21D59" referredColumn="FCF86663-A6F9-B1ED-4890-2707938A5600"/>
</associations>
</Column>
</columns>
<indexes itemClass="oracle.dbtools.crest.model.design.relational.Index">
<ind_PK_UK id="75E94BF9-39CF-D97B-ECB9-F5E273C3DA34" name="Boleta_PK">
<createdBy>lianl</createdBy>
<createdTime>2026-02-08 17:56:13 UTC</createdTime>
<generatorID>FB35520B-212B-594C-7F7E-2414C7B5AAA5</generatorID>
<ownerDesignName>sumativa2</ownerDesignName>
<pk>true</pk>
<indexState>Primary Constraint</indexState>
<isSurrogateKey>false</isSurrogateKey>
<indexColumnUsage>
<colUsage columnID="957F664B-7153-8406-8A8F-3CBAD5A35940"/>
</indexColumnUsage>
</ind_PK_UK>
<ind_PK_UK id="D4B7A211-DBA4-6D48-9097-3E273C502D64" name="Boleta_Cliente_FK">
<createdBy>lianl</createdBy>
<createdTime>2026-02-08 17:56:14 UTC</createdTime>
<generatorID>B923C25F-4507-6B81-117B-017744560FB2</generatorID>
<ownerDesignName>sumativa2</ownerDesignName>
<indexState>Foreign Key</indexState>
<isSurrogateKey>false</isSurrogateKey>
<indexColumnUsage>
<colUsage columnID="C754B6E0-3345-6BA5-5370-4679B2C0901F"/>
</indexColumnUsage>
</ind_PK_UK>
<ind_PK_UK id="D9F88D88-C399-E8A4-7AC3-E1D95012B751" name="Boleta_Detalle_boleta_FK">
<createdBy>lianl</createdBy>
<createdTime>2026-02-08 17:56:14 UTC</createdTime>
<generatorID>6CBFE592-82F8-CFCF-63D3-5308E4544E8B</generatorID>
<ownerDesignName>sumativa2</ownerDesignName>
<indexState>Foreign Key</indexState>
<isSurrogateKey>false</isSurrogateKey>
<indexColumnUsage>
<colUsage columnID="84E6B5FC-CE5F-9935-06C6-13DB2F1CF4FA"/>
</indexColumnUsage>
</ind_PK_UK>
<ind_PK_UK id="0BDF7416-7B70-2919-4307-7F5E54E487AA" name="Boleta_Sucursal_FK">
<createdBy>lianl</createdBy>
<createdTime>2026-02-08 17:56:14 UTC</createdTime>
<generatorID>4D229E08-5A9B-0863-3174-B50805F1AF08</generatorID>
<ownerDesignName>sumativa2</ownerDesignName>
<indexState>Foreign Key</indexState>
<isSurrogateKey>false</isSurrogateKey>
<indexColumnUsage>
<colUsage columnID="A862C3B2-9361-A9D0-A058-3450E77C20AC"/>
</indexColumnUsage>
</ind_PK_UK>
</indexes>
</Table>