<?xml version = '1.0' encoding = 'UTF-8'?>
<Table class="oracle.dbtools.crest.model.design.relational.Table" directorySegmentName="seg_0" id="B8BE94A7-7F4D-6DC6-A591-EB5C206CE0F5" name="Sucursal">
<createdBy>lianl</createdBy>
<createdTime>2026-02-08 17:56:13 UTC</createdTime>
<generatorID>32DFE542-9DC1-DD20-E431-C1E7D18D8BE3</generatorID>
<ownerDesignName>sumativa2</ownerDesignName>
<allowColumnReorder>false</allowColumnReorder>
<existDependencyGenerateInDDl>true</existDependencyGenerateInDDl>
<parsed>true</parsed>
<columns itemClass="oracle.dbtools.crest.model.design.relational.Column">
<Column name="id_sucursal" id="4D62BF0C-CD72-1BF3-A644-ED958A0DCC9D">
<createdBy>lianl</createdBy>
<createdTime>2026-02-08 17:56:13 UTC</createdTime>
<generatorID>D6032F66-7D7B-7BB4-8AE0-B8D09B60D5C4</generatorID>
<ownerDesignName>sumativa2</ownerDesignName>
<useDomainConstraints>false</useDomainConstraints>
<use>1</use>
<logicalDatatype>LOGDT019</logicalDatatype>
<dataTypePrecision>3</dataTypePrecision>
<ownDataTypeParameters>,3,</ownDataTypeParameters>
<autoIncrementCycle>false</autoIncrementCycle>
</Column>
<Column name="nombre_sucursal" id="09B9C8BF-E182-CC7F-6F70-87F665E0D125">
<createdBy>lianl</createdBy>
<createdTime>2026-02-08 17:56:13 UTC</createdTime>
<generatorID>4B116919-068E-ABFB-D722-E995BA3666BF</generatorID>
<ownerDesignName>sumativa2</ownerDesignName>
<nullsAllowed>true</nullsAllowed>
<useDomainConstraints>false</useDomainConstraints>
<use>1</use>
<logicalDatatype>LOGDT024</logicalDatatype>
<dataTypeSize>50</dataTypeSize>
<ownDataTypeParameters>50,,</ownDataTypeParameters>
<autoIncrementCycle>false</autoIncrementCycle>
</Column>
<Column name="Comuna_id_comuna" id="F54AAE89-BFD3-26F8-880D-52C3F5A3494D">
<createdBy>lianl</createdBy>
<createdTime>2026-02-08 17:56:13 UTC</createdTime>
<generatorID>8124F444-97F8-D347-E170-8041D0EAECBA</generatorID>
<ownerDesignName>sumativa2</ownerDesignName>
<useDomainConstraints>false</useDomainConstraints>
<use>1</use>
<logicalDatatype>LOGDT019</logicalDatatype>
<dataTypePrecision>3</dataTypePrecision>
<ownDataTypeParameters>,,</ownDataTypeParameters>
<previousColumn>false</previousColumn>
<autoIncrementCycle>false</autoIncrementCycle>
<associations>
<colAssociation fkAssociation="F6A898E4-DD89-6ED7-EC03-8ECD11F9A875" referredColumn="161F333C-B18F-BDBF-E21F-16BE73148185"/>
</associations>
</Column>
<Column name="direccion" id="32DD3A8E-4BD9-0654-E7CE-41736DE5E219">
<createdBy>lianl</createdBy>
<createdTime>2026-02-08 17:56:13 UTC</createdTime>
<generatorID>942360ED-E91D-4FC5-4345-7CB6A27AECFA</generatorID>
<ownerDesignName>sumativa2</ownerDesignName>
<useDomainConstraints>false</useDomainConstraints>
<use>1</use>
<logicalDatatype>LOGDT024</logicalDatatype>
<dataTypeSize>100</dataTypeSize>
<ownDataTypeParameters>100,,</ownDataTypeParameters>
<autoIncrementCycle>false</autoIncrementCycle>
</Column>
</columns>
<indexes itemClass="oracle.dbtools.crest.model.design.relational.Index">
<ind_PK_UK id="775589D4-097B-F472-948D-663CEF8B9496" name="Sucursal_PK">
<createdBy>lianl</createdBy>
<createdTime>2026-02-08 17:56:13 UTC</createdTime>
<generatorID>1A924E78-E573-CF6D-954C-515E80487C25</generatorID>
<ownerDesignName>sumativa2</ownerDesignName>
<pk>true</pk>
<indexState>Primary Constraint</indexState>
<isSurrogateKey>false</isSurrogateKey>
<indexColumnUsage>
<colUsage columnID="4D62BF0C-CD72-1BF3-A644-ED958A0DCC9D"/>
</indexColumnUsage>
</ind_PK_UK>
<ind_PK_UK id="67513D09-251D-6A26-D580-75BC17CC15C7" name="Sucursal_Comuna_FK">
<createdBy>lianl</createdBy>
<createdTime>2026-02-08 17:56:14 UTC</createdTime>
<generatorID>2AE37525-1A46-ABBA-1DF5-DAF46D4302BC</generatorID>
<ownerDesignName>sumativa2</ownerDesignName>
<indexState>Foreign Key</indexState>
<isSurrogateKey>false</isSurrogateKey>
<indexColumnUsage>
<colUsage columnID="F54AAE89-BFD3-26F8-880D-52C3F5A3494D"/>
</indexColumnUsage>
</ind_PK_UK>
</indexes>
</Table>