<?xml version = '1.0' encoding = 'UTF-8'?>
<Table class="oracle.dbtools.crest.model.design.relational.Table" directorySegmentName="seg_0" id="D537F331-8C0A-7A81-4808-910DA4ACF0F4" name="Producto">
<createdBy>lianl</createdBy>
<createdTime>2026-02-08 17:56:13 UTC</createdTime>
<generatorID>3E198341-33AC-8592-6B5B-009E5362C794</generatorID>
<ownerDesignName>sumativa2</ownerDesignName>
<allowColumnReorder>false</allowColumnReorder>
<existDependencyGenerateInDDl>true</existDependencyGenerateInDDl>
<parsed>true</parsed>
<columns itemClass="oracle.dbtools.crest.model.design.relational.Column">
<Column name="id_producto" id="5C32F50C-0082-DB2B-EBE7-8A94E8502493">
<createdBy>lianl</createdBy>
<createdTime>2026-02-08 17:56:13 UTC</createdTime>
<generatorID>D79FCB59-991D-BA4F-5E03-98120CD79F33</generatorID>
<ownerDesignName>sumativa2</ownerDesignName>
<useDomainConstraints>false</useDomainConstraints>
<use>1</use>
<logicalDatatype>LOGDT019</logicalDatatype>
<dataTypePrecision>4</dataTypePrecision>
<ownDataTypeParameters>,4,</ownDataTypeParameters>
<autoIncrementCycle>false</autoIncrementCycle>
</Column>
<Column name="precio" id="A9F0F2E8-13C2-2419-87E6-28A2E02B5A30">
<createdBy>lianl</createdBy>
<createdTime>2026-02-08 17:56:13 UTC</createdTime>
<generatorID>F451362D-CE0C-796B-3752-BE96EB9D2FFB</generatorID>
<ownerDesignName>sumativa2</ownerDesignName>
<useDomainConstraints>false</useDomainConstraints>
<use>1</use>
<logicalDatatype>LOGDT019</logicalDatatype>
<dataTypePrecision>7</dataTypePrecision>
<ownDataTypeParameters>,7,</ownDataTypeParameters>
<autoIncrementCycle>false</autoIncrementCycle>
</Column>
<Column name="stock" id="D4B87F99-21E4-6471-8539-9687CDE68989">
<createdBy>lianl</createdBy>
<createdTime>2026-02-08 17:56:13 UTC</createdTime>
<generatorID>C4A460AA-1B55-AE73-B3A1-92C75B708B5F</generatorID>
<ownerDesignName>sumativa2</ownerDesignName>
<useDomainConstraints>false</useDomainConstraints>
<use>1</use>
<logicalDatatype>LOGDT019</logicalDatatype>
<dataTypePrecision>4</dataTypePrecision>
<ownDataTypeParameters>,4,</ownDataTypeParameters>
<autoIncrementCycle>false</autoIncrementCycle>
</Column>
<Column name="fecha_vencimiento" id="D2B68833-70C9-54F4-7E3D-8EC5EB0BB355">
<createdBy>lianl</createdBy>
<createdTime>2026-02-08 17:56:13 UTC</createdTime>
<generatorID>B7F6F167-10C9-BDCF-D272-544A1BBDB0FB</generatorID>
<ownerDesignName>sumativa2</ownerDesignName>
<nullsAllowed>true</nullsAllowed>
<useDomainConstraints>false</useDomainConstraints>
<use>1</use>
<logicalDatatype>LOGDT007</logicalDatatype>
<ownDataTypeParameters>,,</ownDataTypeParameters>
<autoIncrementCycle>false</autoIncrementCycle>
</Column>
<Column name="Sucursal_id_sucursal" id="0E5347E9-99C7-59FE-2093-649380FF6422">
<createdBy>lianl</createdBy>
<createdTime>2026-02-08 17:56:13 UTC</createdTime>
<generatorID>057FAD76-D7EB-84B6-7BE5-690DC8ED11A4</generatorID>
<ownerDesignName>sumativa2</ownerDesignName>
<useDomainConstraints>false</useDomainConstraints>
<use>1</use>
<logicalDatatype>LOGDT019</logicalDatatype>
<dataTypePrecision>3</dataTypePrecision>
<ownDataTypeParameters>,,</ownDataTypeParameters>
<previousColumn>false</previousColumn>
<autoIncrementCycle>false</autoIncrementCycle>
<associations>
<colAssociation fkAssociation="B8DC0727-0E27-E9F3-D85A-BC3281A953FE" referredColumn="4D62BF0C-CD72-1BF3-A644-ED958A0DCC9D"/>
</associations>
</Column>
<Column name="Modelo_producto_id_modelo" id="E8A57B80-C541-3844-47B1-1AB0BAD52A86">
<createdBy>lianl</createdBy>
<createdTime>2026-02-08 17:56:13 UTC</createdTime>
<generatorID>07707DDF-21CD-A9F7-F8BB-2CBF72E04F96</generatorID>
<ownerDesignName>sumativa2</ownerDesignName>
<useDomainConstraints>false</useDomainConstraints>
<use>1</use>
<logicalDatatype>LOGDT019</logicalDatatype>
<dataTypePrecision>3</dataTypePrecision>
<ownDataTypeParameters>,,</ownDataTypeParameters>
<previousColumn>false</previousColumn>
<autoIncrementCycle>false</autoIncrementCycle>
<associations>
<colAssociation fkAssociation="6C9280B4-26AF-2EA9-E163-878B2B675081" referredColumn="71006AF5-B136-AE49-9C39-8E6FB850A455"/>
</associations>
</Column>
<Column name="Categoria_id_categoria" id="DC71B866-A6DB-3FA2-4465-081F87C14A7F">
<createdBy>lianl</createdBy>
<createdTime>2026-02-08 17:56:13 UTC</createdTime>
<generatorID>23BEDB4B-4182-0730-EAC6-55E29B4B3BF6</generatorID>
<ownerDesignName>sumativa2</ownerDesignName>
<useDomainConstraints>false</useDomainConstraints>
<use>1</use>
<logicalDatatype>LOGDT019</logicalDatatype>
<dataTypePrecision>3</dataTypePrecision>
<ownDataTypeParameters>,,</ownDataTypeParameters>
<previousColumn>false</previousColumn>
<autoIncrementCycle>false</autoIncrementCycle>
<associations>
<colAssociation fkAssociation="7C30CDA5-AD63-163B-507A-C518859B705A" referredColumn="272A159C-873C-F5D2-CC3C-79BD2A2814D9"/>
</associations>
</Column>
<Column name="Proveedor_id_proveedor" id="B2E004E1-02DB-2A44-0F05-BCA101695225">
<createdBy>lianl</createdBy>
<createdTime>2026-02-08 17:56:13 UTC</createdTime>
<generatorID>EF887B06-6050-51B2-1587-0C802D305999</generatorID>
<ownerDesignName>sumativa2</ownerDesignName>
<useDomainConstraints>false</useDomainConstraints>
<use>1</use>
<logicalDatatype>LOGDT019</logicalDatatype>
<dataTypePrecision>3</dataTypePrecision>
<ownDataTypeParameters>,,</ownDataTypeParameters>
<previousColumn>false</previousColumn>
<autoIncrementCycle>false</autoIncrementCycle>
<associations>
<colAssociation fkAssociation="6D8506FC-0057-17D3-8778-6C06DBFE146B" referredColumn="098674AE-8650-FBB4-0BFE-C952631BA20A"/>
</associations>
</Column>
<Column name="Detalle_boleta_id_detalle_boleta" id="3109594F-0EF2-0E39-4EC6-CE28923AC5A0">
<createdBy>lianl</createdBy>
<createdTime>2026-02-08 17:56:13 UTC</createdTime>
<generatorID>05D3497D-0EA9-5BD4-6A7A-6D0EFF6010A3</generatorID>
<ownerDesignName>sumativa2</ownerDesignName>
<nullsAllowed>true</nullsAllowed>
<useDomainConstraints>false</useDomainConstraints>
<use>1</use>
<logicalDatatype>LOGDT019</logicalDatatype>
<dataTypePrecision>5</dataTypePrecision>
<ownDataTypeParameters>,,</ownDataTypeParameters>
<previousColumn>false</previousColumn>
<autoIncrementCycle>false</autoIncrementCycle>
<associations>
<colAssociation fkAssociation="DEB80659-3FF9-0B0C-FB56-BDC28C7EECC3" referredColumn="FCF86663-A6F9-B1ED-4890-2707938A5600"/>
</associations>
</Column>
</columns>
<indexes itemClass="oracle.dbtools.crest.model.design.relational.Index">
<ind_PK_UK id="0CA932ED-C2C0-364E-7620-C1B10D71DDE3" name="Producto_PK">
<createdBy>lianl</createdBy>
<createdTime>2026-02-08 17:56:13 UTC</createdTime>
<generatorID>CD44E583-4377-DF4E-75CA-7A16F1F1EB27</generatorID>
<ownerDesignName>sumativa2</ownerDesignName>
<pk>true</pk>
<indexState>Primary Constraint</indexState>
<isSurrogateKey>false</isSurrogateKey>
<indexColumnUsage>
<colUsage columnID="5C32F50C-0082-DB2B-EBE7-8A94E8502493"/>
</indexColumnUsage>
</ind_PK_UK>
<ind_PK_UK id="48775AA2-3B41-0CC4-6036-3A0822D3FA81" name="Producto_Categoria_FK">
<createdBy>lianl</createdBy>
<createdTime>2026-02-08 17:56:14 UTC</createdTime>
<generatorID>00C66E90-1A4F-BC7C-2D0D-44B4246BB151</generatorID>
<ownerDesignName>sumativa2</ownerDesignName>
<indexState>Foreign Key</indexState>
<isSurrogateKey>false</isSurrogateKey>
<indexColumnUsage>
<colUsage columnID="DC71B866-A6DB-3FA2-4465-081F87C14A7F"/>
</indexColumnUsage>
</ind_PK_UK>
<ind_PK_UK id="9B9F07F7-3EAE-467C-4B1D-138D13C5F92D" name="Producto_Modelo_producto_FK">
<createdBy>lianl</createdBy>
<createdTime>2026-02-08 17:56:14 UTC</createdTime>
<generatorID>E51AD8A4-A16A-B2BB-FBD6-5AAB550514AC</generatorID>
<ownerDesignName>sumativa2</ownerDesignName>
<indexState>Foreign Key</indexState>
<isSurrogateKey>false</isSurrogateKey>
<indexColumnUsage>
<colUsage columnID="E8A57B80-C541-3844-47B1-1AB0BAD52A86"/>
</indexColumnUsage>
</ind_PK_UK>
<ind_PK_UK id="D51B587F-8F3A-E829-3E93-4488D76B7449" name="Producto_Detalle_boleta_FK">
<createdBy>lianl</createdBy>
<createdTime>2026-02-08 17:56:14 UTC</createdTime>
<generatorID>B29EE3E8-75E3-9210-3B9C-741CC7D6FB2C</generatorID>
<ownerDesignName>sumativa2</ownerDesignName>
<indexState>Foreign Key</indexState>
<isSurrogateKey>false</isSurrogateKey>
<indexColumnUsage>
<colUsage columnID="3109594F-0EF2-0E39-4EC6-CE28923AC5A0"/>
</indexColumnUsage>
</ind_PK_UK>
<ind_PK_UK id="6155AB42-2C41-5FBE-6E8F-3C90D1859434" name="Producto_Proveedor_FK">
<createdBy>lianl</createdBy>
<createdTime>2026-02-08 17:56:14 UTC</createdTime>
<generatorID>48E8C321-54DF-CF88-B231-4FBF97DA0B89</generatorID>
<ownerDesignName>sumativa2</ownerDesignName>
<indexState>Foreign Key</indexState>
<isSurrogateKey>false</isSurrogateKey>
<indexColumnUsage>
<colUsage columnID="B2E004E1-02DB-2A44-0F05-BCA101695225"/>
</indexColumnUsage>
</ind_PK_UK>
<ind_PK_UK id="0B250420-F00A-1979-67EF-159F2982C23F" name="Producto_Sucursal_FK">
<createdBy>lianl</createdBy>
<createdTime>2026-02-08 17:56:14 UTC</createdTime>
<generatorID>20620BC7-1853-9425-1F52-DE78C4697C9E</generatorID>
<ownerDesignName>sumativa2</ownerDesignName>
<indexState>Foreign Key</indexState>
<isSurrogateKey>false</isSurrogateKey>
<indexColumnUsage>
<colUsage columnID="0E5347E9-99C7-59FE-2093-649380FF6422"/>
</indexColumnUsage>
</ind_PK_UK>
</indexes>
</Table>