<?xml version = '1.0' encoding = 'UTF-8'?>
<Table class="oracle.dbtools.crest.model.design.relational.Table" directorySegmentName="seg_0" id="EEFDDB39-473D-62ED-CE8C-D8D62FA31E9F" name="Proveedor_empresa">
<createdBy>lianl</createdBy>
<createdTime>2026-02-08 17:56:13 UTC</createdTime>
<generatorID>6E953138-372F-DA8C-7EC2-1F8C0C4AAD9B</generatorID>
<ownerDesignName>sumativa2</ownerDesignName>
<allowColumnReorder>false</allowColumnReorder>
<existDependencyGenerateInDDl>true</existDependencyGenerateInDDl>
<parsed>true</parsed>
<columns itemClass="oracle.dbtools.crest.model.design.relational.Column">
<Column name="id_proveedor" id="DE2905CE-602B-E123-2EA4-65494F7E3B06">
<createdBy>lianl</createdBy>
<createdTime>2026-02-08 17:56:13 UTC</createdTime>
<generatorID>6F2EEE96-442E-E94C-75BB-B6F1FEDA4C54</generatorID>
<ownerDesignName>sumativa2</ownerDesignName>
<useDomainConstraints>false</useDomainConstraints>
<use>1</use>
<logicalDatatype>LOGDT019</logicalDatatype>
<dataTypePrecision>3</dataTypePrecision>
<ownDataTypeParameters>,,</ownDataTypeParameters>
<autoIncrementCycle>false</autoIncrementCycle>
<associations>
<colAssociation fkAssociation="5B50D86A-10E9-9D93-0262-F1770AF1C16A" referredColumn="098674AE-8650-FBB4-0BFE-C952631BA20A"/>
</associations>
</Column>
<Column name="sitio_web" id="1D655CD4-2CFF-7759-1CAD-F80BB3464C35">
<createdBy>lianl</createdBy>
<createdTime>2026-02-08 17:56:13 UTC</createdTime>
<generatorID>B9F14E98-325F-7A8F-1549-CCBD0CE9727F</generatorID>
<ownerDesignName>sumativa2</ownerDesignName>
<nullsAllowed>true</nullsAllowed>
<useDomainConstraints>false</useDomainConstraints>
<use>1</use>
<logicalDatatype>LOGDT024</logicalDatatype>
<dataTypeSize>200</dataTypeSize>
<ownDataTypeParameters>200,,</ownDataTypeParameters>
<autoIncrementCycle>false</autoIncrementCycle>
</Column>
</columns>
<indexes itemClass="oracle.dbtools.crest.model.design.relational.Index">
<ind_PK_UK id="D44EE30F-F470-586E-CED2-4587048ABAC1" name="Proveedor_empresa_PK">
<createdBy>lianl</createdBy>
<createdTime>2026-02-08 17:56:13 UTC</createdTime>
<generatorID>5D316ED8-D224-162F-9585-A1D2B832500F</generatorID>
<ownerDesignName>sumativa2</ownerDesignName>
<pk>true</pk>
<indexState>Primary Constraint</indexState>
<isSurrogateKey>false</isSurrogateKey>
<indexColumnUsage>
<colUsage columnID="DE2905CE-602B-E123-2EA4-65494F7E3B06"/>
</indexColumnUsage>
</ind_PK_UK>
<ind_PK_UK id="AA58A1C7-81A3-D4AF-AE74-90D876511153" name="Proveedor_empresa_Proveedor_FK">
<createdBy>lianl</createdBy>
<createdTime>2026-02-08 17:56:14 UTC</createdTime>
<generatorID>80E41B99-E1F1-04EE-A69E-99444E7A715B</generatorID>
<ownerDesignName>sumativa2</ownerDesignName>
<indexState>Foreign Key</indexState>
<isSurrogateKey>false</isSurrogateKey>
<indexColumnUsage>
<colUsage columnID="DE2905CE-602B-E123-2EA4-65494F7E3B06"/>
</indexColumnUsage>
</ind_PK_UK>
</indexes>
</Table>